track_name,album_name,artist,all_artists,source_playlist,popularity,danceability,energy,tempo
Ibliss Nzis,COLLECTION OF CHEB TERRO X DJ HRIZEN,DJ Hrizen,"DJ Hrizen, Cheb terro",2k23,11,0.817,0.516,139.916
Ibliss Nzis,COLLECTION OF CHEB TERRO X DJ HRIZEN,Cheb terro,"DJ Hrizen, Cheb terro",2k23,11,0.817,0.516,139.916
S P D,COLLECTION OF CHEB TERRO X DJ HRIZEN,DJ Hrizen,"DJ Hrizen, Cheb terro",2k23,8,0.671,0.645,140.05
S P D,COLLECTION OF CHEB TERRO X DJ HRIZEN,Cheb terro,"DJ Hrizen, Cheb terro",2k23,8,0.671,0.645,140.05
Azmi,COLLECTION OF CHEB TERRO X DJ HRIZEN,DJ Hrizen,"DJ Hrizen, Cheb terro",2k23,13,0.737,0.635,135.063
Azmi,COLLECTION OF CHEB TERRO X DJ HRIZEN,Cheb terro,"DJ Hrizen, Cheb terro",2k23,13,0.737,0.635,135.063
1-2-3 - Freestyle,Stuxnet,dopeman,dopeman,2k23,6,0.818,0.5,159.978
RIDIN THRU,GOOD KID TOXIC CITY.,XIIVI,XIIVI,2k23,0,0.632,0.628,77.104
بطل عالم,عقد احتراف,Marwan Moussa,Marwan Moussa,2k23,50,0.879,0.505,110.991
FAST 5 - خمسة في السريع (feat. KADDY),METHANOL 62,Mahdy Madness,"Mahdy Madness, KADDY",2k23,0,0.424,0.318,141.971
FAST 5 - خمسة في السريع (feat. KADDY),METHANOL 62,KADDY,"Mahdy Madness, KADDY",2k23,0,0.424,0.318,141.971
LONELY,WORDS OF WEAKNESS,ZDEFF,"ZDEFF, SALTY TEA",2k23,27,0.834,0.613,111.922
LONELY,WORDS OF WEAKNESS,SALTY TEA,"ZDEFF, SALTY TEA",2k23,27,0.834,0.613,111.922
Zidou - Dirty Live Edit,Zidou,SAFFWIZZ,"SAFFWIZZ, GAL3Y",2k23,4,0.63,0.667,92.262
Zidou - Dirty Live Edit,Zidou,GAL3Y,"SAFFWIZZ, GAL3Y",2k23,4,0.63,0.667,92.262
WATERBOYZ (with JID & J. Cole),GHETTO GODS,EARTHGANG,"EARTHGANG, JID, J. Cole",2k23,53,0.842,0.657,140.057
WATERBOYZ (with JID & J. Cole),GHETTO GODS,JID,"EARTHGANG, JID, J. Cole",2k23,53,0.842,0.657,140.057
WATERBOYZ (with JID & J. Cole),GHETTO GODS,J. Cole,"EARTHGANG, JID, J. Cole",2k23,53,0.842,0.657,140.057
John Redcorn - A COLORS SHOW,John Redcorn - A COLORS SHOW,SiR,SiR,2k23,0,0.739,0.361,144.006
Tiramisu fraise,La boulangerie (Back Burners),La Fine Equipe,"La Fine Equipe, Blanka",2k23,52,0.801,0.586,83.656
Tiramisu fraise,La boulangerie (Back Burners),Blanka,"La Fine Equipe, Blanka",2k23,52,0.801,0.586,83.656
White,channel ORANGE,Frank Ocean,"Frank Ocean, John Mayer",2k23,63,0.608,0.0664,139.232
White,channel ORANGE,John Mayer,"Frank Ocean, John Mayer",2k23,63,0.608,0.0664,139.232
Bya Wala Bik,Malak,Racha Rizk,Racha Rizk,2k23,26,0.569,0.322,159.82
Wahda Fada'ya,Wahda Fada'ya,Galaleo,"Galaleo, Amir Eid",2k23,38,0.82,0.525,119.996
Wahda Fada'ya,Wahda Fada'ya,Amir Eid,"Galaleo, Amir Eid",2k23,38,0.82,0.525,119.996
Who Shot Ya? - 2007 Remaster,Greatest Hits,The Notorious B.I.G.,The Notorious B.I.G.,2k23,56,0.824,0.73,91.743
NKD GLG,Sindibad el Ward,Al Nather,"Al Nather, Shabjdeed",2k23,44,0.747,0.557,144.149
NKD GLG,Sindibad el Ward,Shabjdeed,"Al Nather, Shabjdeed",2k23,44,0.747,0.557,144.149
Llevarte Allí,Sobrevolando,Cultura Profética,Cultura Profética,2k23,0,0.817,0.567,128.04
Es Por Ti,Un Día Normal,Juanes,Juanes,2k23,49,0.691,0.759,129.949
Marble Columns (feat. Larry June),VICES,Curren$y,"Curren$y, Harry Fraud, Larry June",2k23,45,0.548,0.723,135.892
Marble Columns (feat. Larry June),VICES,Harry Fraud,"Curren$y, Harry Fraud, Larry June",2k23,45,0.548,0.723,135.892
Marble Columns (feat. Larry June),VICES,Larry June,"Curren$y, Harry Fraud, Larry June",2k23,45,0.548,0.723,135.892
Spin The Block,Spin The Block,K CAMP,K CAMP,2k23,0,0.798,0.574,109.959
Bye Bye Lmiziria - Remix,Bye Bye Lmiziria (Remix),Didou Parisien,"Didou Parisien, DJ Psyico",2k23,42,0.734,0.682,91.986
Bye Bye Lmiziria - Remix,Bye Bye Lmiziria (Remix),DJ Psyico,"Didou Parisien, DJ Psyico",2k23,42,0.734,0.682,91.986
Year Zero,Maps,billy woods,"billy woods, Kenny Segal, Danny Brown",2k23,35,0.51,0.765,90.542
Year Zero,Maps,Kenny Segal,"billy woods, Kenny Segal, Danny Brown",2k23,35,0.51,0.765,90.542
Year Zero,Maps,Danny Brown,"billy woods, Kenny Segal, Danny Brown",2k23,35,0.51,0.765,90.542
Kenwood Speakers,Maps,billy woods,"billy woods, Kenny Segal",2k23,34,0.651,0.705,159.866
Kenwood Speakers,Maps,Kenny Segal,"billy woods, Kenny Segal",2k23,34,0.651,0.705,159.866
FaceTime,Maps,billy woods,"billy woods, Kenny Segal, Samuel T. Herring",2k23,40,0.598,0.821,139.198
FaceTime,Maps,Kenny Segal,"billy woods, Kenny Segal, Samuel T. Herring",2k23,40,0.598,0.821,139.198
FaceTime,Maps,Samuel T. Herring,"billy woods, Kenny Segal, Samuel T. Herring",2k23,40,0.598,0.821,139.198
Bound 2,Yeezus,Kanye West,Kanye West,2k23,83,0.367,0.665,148.913
Soft Landing,Maps,billy woods,"billy woods, Kenny Segal",2k23,40,0.501,0.676,83.239
Soft Landing,Maps,Kenny Segal,"billy woods, Kenny Segal",2k23,40,0.501,0.676,83.239
The Box,Please Excuse Me for Being Antisocial,Roddy Ricch,Roddy Ricch,2k23,83,0.896,0.586,116.971
Como Que No?,Fuerte Y Caliente,Onda Vaga,Onda Vaga,2k23,44,0.733,0.4,86.044
Ilegal,La Dulzura,Cultura Profética,Cultura Profética,2k23,36,0.826,0.577,116.916
1.6,1.6,TIF,TIF,2k23,43,0.607,0.661,114.734
Masajin,Masajin,Junior Hassen,Junior Hassen,2k23,0,0.838,0.471,86.993
Ramallah,Ramallah,Junior Hassen,Junior Hassen,2k23,0,0.846,0.683,86.957
I Don't Give A F,GOOD KID TOXIC CITY.,XIIVI,XIIVI,2k23,0,0.863,0.278,80.003
Mooja 1.0 (intro),Waves,SAFFWIZZ,SAFFWIZZ,2k23,28,0.678,0.669,112.078
hue_man nature,hue_man nature,Saba,"Saba, No ID",2k23,41,0.661,0.589,85.535
hue_man nature,hue_man nature,No ID,"Saba, No ID",2k23,41,0.661,0.589,85.535
Sba9ni Wechka,Sba9ni Wechka,Erkez Hiphop,"Erkez Hiphop, Tiga Blackna, Vipa",2k23,23,0.63,0.378,95.016
Sba9ni Wechka,Sba9ni Wechka,Tiga Blackna,"Erkez Hiphop, Tiga Blackna, Vipa",2k23,23,0.63,0.378,95.016
Sba9ni Wechka,Sba9ni Wechka,Vipa,"Erkez Hiphop, Tiga Blackna, Vipa",2k23,23,0.63,0.378,95.016
Per Noi,Per Noi,Madou Mc,"Madou Mc, Ktyb, Flucci",2k23,7,0.523,0.489,160.154
Per Noi,Per Noi,Ktyb,"Madou Mc, Ktyb, Flucci",2k23,7,0.523,0.489,160.154
Per Noi,Per Noi,Flucci,"Madou Mc, Ktyb, Flucci",2k23,7,0.523,0.489,160.154
Gotham,DECLIC,Madou Mc,"Madou Mc, Dawan, Trax",2k23,0,0.843,0.521,149.997
Gotham,DECLIC,Dawan,"Madou Mc, Dawan, Trax",2k23,0,0.843,0.521,149.997
Gotham,DECLIC,Trax,"Madou Mc, Dawan, Trax",2k23,0,0.843,0.521,149.997
Range ton arme,DECLIC,Madou Mc,"Madou Mc, Malik Shtarac, Vipa",2k23,4,0.726,0.512,89.976
Range ton arme,DECLIC,Malik Shtarac,"Madou Mc, Malik Shtarac, Vipa",2k23,4,0.726,0.512,89.976
Range ton arme,DECLIC,Vipa,"Madou Mc, Malik Shtarac, Vipa",2k23,4,0.726,0.512,89.976
Koulou Banat,Koulou Banat,Gharam Electric,Gharam Electric,2k23,11,0.686,0.596,135.126
We Battle The Shadows,We Battle The Shadows,Cheb terro,"Cheb terro, Dryveins",2k23,0,0.729,0.685,136.018
We Battle The Shadows,We Battle The Shadows,Dryveins,"Cheb terro, Dryveins",2k23,0,0.729,0.685,136.018
AL Cheb Never Dies,Drynie's World,Omara,"Omara, Dryveins",2k23,1,0.657,0.458,95.576
AL Cheb Never Dies,Drynie's World,Dryveins,"Omara, Dryveins",2k23,1,0.657,0.458,95.576
اكحل,COLLECTION OF CHEB TERRO X DJ HRIZEN,DJ Hrizen,"DJ Hrizen, Cheb terro",2k23,11,0.706,0.308,145.181
اكحل,COLLECTION OF CHEB TERRO X DJ HRIZEN,Cheb terro,"DJ Hrizen, Cheb terro",2k23,11,0.706,0.308,145.181
Michael Irvin,Flygod Is An Awesome God 2,Westside Gunn,Westside Gunn,2k23,55,0.464,0.524,179.926
Petite foulée,Petite foulée,Mizo-H,Mizo-H,2k23,13,0.87,0.782,122.909
9OLI CHKOUN,9OLI CHKOUN,RARE,RARE,2k23,0,0.548,0.591,110.979
Sahloul 2016,COLLECTION OF CHEB TERRO X DJ HRIZEN,DJ Hrizen,"DJ Hrizen, Cheb terro",2k23,18,0.815,0.478,150.023
Sahloul 2016,COLLECTION OF CHEB TERRO X DJ HRIZEN,Cheb terro,"DJ Hrizen, Cheb terro",2k23,18,0.815,0.478,150.023
Yung Chuky,COLLECTION OF CHEB TERRO X DJ HRIZEN,DJ Hrizen,"DJ Hrizen, Cheb terro",2k23,10,0.587,0.728,148.012
Yung Chuky,COLLECTION OF CHEB TERRO X DJ HRIZEN,Cheb terro,"DJ Hrizen, Cheb terro",2k23,10,0.587,0.728,148.012
Win Mechin - Deluxe Version,Win Mechin (Deluxe Version),SAFFWIZZ,"SAFFWIZZ, RamsJamsss",2k23,0,0.481,0.565,103.075
Win Mechin - Deluxe Version,Win Mechin (Deluxe Version),RamsJamsss,"SAFFWIZZ, RamsJamsss",2k23,0,0.481,0.565,103.075
Zero Women - Freestyle,GOOD KID TOXIC CITY.,XIIVI,XIIVI,2k23,0,0.963,0.51,114.031
Zugzwang,OYABUN,Wingz,"Wingz, BAXV, XIIVI",2k23,0,0.801,0.55,140.013
Zugzwang,OYABUN,BAXV,"Wingz, BAXV, XIIVI",2k23,0,0.801,0.55,140.013
Zugzwang,OYABUN,XIIVI,"Wingz, BAXV, XIIVI",2k23,0,0.801,0.55,140.013
Train,Gen Z,$MXTI,"$MXTI, Dryveins, BAXV",2k23,0,0.734,0.334,140.037
Train,Gen Z,Dryveins,"$MXTI, Dryveins, BAXV",2k23,0,0.734,0.334,140.037
Train,Gen Z,BAXV,"$MXTI, Dryveins, BAXV",2k23,0,0.734,0.334,140.037
METROCK,METRO EL RAP,SAFFWIZZ,"SAFFWIZZ, Halim yousfi, Kyng Hooper",2k23,7,0.651,0.657,191.973
METROCK,METRO EL RAP,Halim yousfi,"SAFFWIZZ, Halim yousfi, Kyng Hooper",2k23,7,0.651,0.657,191.973
METROCK,METRO EL RAP,Kyng Hooper,"SAFFWIZZ, Halim yousfi, Kyng Hooper",2k23,7,0.651,0.657,191.973
Sekkon Chance,METRO EL RAP,SAFFWIZZ,"SAFFWIZZ, Koast, Naqqa, Ratchopper",2k23,21,0.787,0.728,75.994
Sekkon Chance,METRO EL RAP,Koast,"SAFFWIZZ, Koast, Naqqa, Ratchopper",2k23,21,0.787,0.728,75.994
Sekkon Chance,METRO EL RAP,Naqqa,"SAFFWIZZ, Koast, Naqqa, Ratchopper",2k23,21,0.787,0.728,75.994
Sekkon Chance,METRO EL RAP,Ratchopper,"SAFFWIZZ, Koast, Naqqa, Ratchopper",2k23,21,0.787,0.728,75.994
Ok Nivam,Ghost,BAXV,"BAXV, XIIVI",2k23,0,0.755,0.59,156.028
Ok Nivam,Ghost,XIIVI,"BAXV, XIIVI",2k23,0,0.755,0.59,156.028
Rolls Royce Break Lights,Reasonable Drought,Stove God Cooks,"Stove God Cooks, Roc Marciano",2k23,40,0.513,0.738,122.57
Rolls Royce Break Lights,Reasonable Drought,Roc Marciano,"Stove God Cooks, Roc Marciano",2k23,40,0.513,0.738,122.57
Diamond Dallas,Bo Jackson,Boldy James,"Boldy James, The Alchemist, Stove God Cooks",2k23,37,0.546,0.455,143.202
Diamond Dallas,Bo Jackson,The Alchemist,"Boldy James, The Alchemist, Stove God Cooks",2k23,37,0.546,0.455,143.202
Diamond Dallas,Bo Jackson,Stove God Cooks,"Boldy James, The Alchemist, Stove God Cooks",2k23,37,0.546,0.455,143.202
All Mah N***,All Mah N***,Tabac Roule,"Tabac Roule, XIIVI, It's ERROR",2k23,0,0.633,0.871,77.456
All Mah N***,All Mah N***,XIIVI,"Tabac Roule, XIIVI, It's ERROR",2k23,0,0.633,0.871,77.456
All Mah N***,All Mah N***,It's ERROR,"Tabac Roule, XIIVI, It's ERROR",2k23,0,0.633,0.871,77.456
Black Mask,COLLECTION OF CHEB TERRO X DJ HRIZEN,DJ Hrizen,"DJ Hrizen, Cheb terro",2k23,17,0.92,0.36,144.985
Black Mask,COLLECTION OF CHEB TERRO X DJ HRIZEN,Cheb terro,"DJ Hrizen, Cheb terro",2k23,17,0.92,0.36,144.985
Heart On Froze,KISS THE RING,Rome Streetz,Rome Streetz,2k23,41,0.572,0.685,91.37
CERTAINDEATH,COLLECTION OF CHEB TERRO X DJ HRIZEN,DJ Hrizen,"DJ Hrizen, Cheb terro",2k23,8,0.893,0.42,119.977
CERTAINDEATH,COLLECTION OF CHEB TERRO X DJ HRIZEN,Cheb terro,"DJ Hrizen, Cheb terro",2k23,8,0.893,0.42,119.977
A.L.a (Asshole),Mixtape: 7 Days,Zomra A.L.a,Zomra A.L.a,2k23,0,0.876,0.454,120.001
STEVE AUSTIN'S HEART MEDUSA'S EYES,FUCK THE KID .. AND THE CITY,XIIVI,XIIVI,2k23,0,0.702,0.499,104.337
AL TASMIYAH,FUCK THE KID .. AND THE CITY,XIIVI,XIIVI,2k23,0,0.794,0.331,129.915
Nigga Who Cares ?,INFAMOUS,Wingz,"Wingz, XIIVI",2k23,0,0.921,0.567,129.927
Nigga Who Cares ?,INFAMOUS,XIIVI,"Wingz, XIIVI",2k23,0,0.921,0.567,129.927
Babylon By Bus,Maps,billy woods,"billy woods, Kenny Segal, ShrapKnel",2k23,36,0.769,0.61,89.539
Babylon By Bus,Maps,Kenny Segal,"billy woods, Kenny Segal, ShrapKnel",2k23,36,0.769,0.61,89.539
Babylon By Bus,Maps,ShrapKnel,"billy woods, Kenny Segal, ShrapKnel",2k23,36,0.769,0.61,89.539
Pink Magic - Hamdi Ryder Tribute Remix,Tribute To Cheb Terro / Pink Magic,Cheb terro,"Cheb terro, Ratchopper, Hamdi Ryder",2k23,0,0.651,0.888,139.996
Pink Magic - Hamdi Ryder Tribute Remix,Tribute To Cheb Terro / Pink Magic,Ratchopper,"Cheb terro, Ratchopper, Hamdi Ryder",2k23,0,0.651,0.888,139.996
Pink Magic - Hamdi Ryder Tribute Remix,Tribute To Cheb Terro / Pink Magic,Hamdi Ryder,"Cheb terro, Ratchopper, Hamdi Ryder",2k23,0,0.651,0.888,139.996
JIMMY,No Doubt II,Ktyb,"Ktyb, Feddini",2k23,8,0.781,0.485,80.058
JIMMY,No Doubt II,Feddini,"Ktyb, Feddini",2k23,8,0.781,0.485,80.058
FOREVER,No Doubt II,Ktyb,"Ktyb, Feddini",2k23,9,0.469,0.665,177.908
FOREVER,No Doubt II,Feddini,"Ktyb, Feddini",2k23,9,0.469,0.665,177.908
SHADOW BOXING,1.6,TIF,TIF,2k23,56,0.547,0.672,100.791
S12,1.6,TIF,"TIF, Flenn",2k23,47,0.627,0.469,126.955
S12,1.6,Flenn,"TIF, Flenn",2k23,47,0.627,0.469,126.955
AMNESIA,1.6,TIF,TIF,2k23,60,0.792,0.392,119.983
HINATA,1.6,TIF,TIF,2k23,60,0.836,0.519,114.974
SOUFFLÉ,No Doubt II,Ktyb,"Ktyb, Feddini",2k23,21,0.526,0.48,86.555
SOUFFLÉ,No Doubt II,Feddini,"Ktyb, Feddini",2k23,21,0.526,0.48,86.555
Toda una Vida,Contigo En La Distancia,Pedro Guerra,Pedro Guerra,2k23,52,0.731,0.156,118.562
Embiid,Mixtape Vol. 2,Ktyb,Ktyb,2k23,23,0.662,0.598,92.293
Ymanny Manny,Ymanny Manny,Katybon,Katybon,2k23,25,0.647,0.398,84.973
FLDY,No Doubt II,Ktyb,"Ktyb, Feddini",2k23,9,0.692,0.66,142.993
FLDY,No Doubt II,Feddini,"Ktyb, Feddini",2k23,9,0.692,0.66,142.993
HEISENBERG.,No Doubt II,Ktyb,"Ktyb, Feddini",2k23,11,0.648,0.659,163.988
HEISENBERG.,No Doubt II,Feddini,"Ktyb, Feddini",2k23,11,0.648,0.659,163.988
Die Hard,Ghost,BAXV,BAXV,2k23,0,0.624,0.53,75.59
Kids Do Drugs,Odyssey (odd to see),BAXV,BAXV,2k23,0,0.795,0.506,125.046
05:01 AM,05:01 AM,XIIVI,"XIIVI, 20fyee, Pas Comme Eux",2k23,0,0.619,0.449,126.841
05:01 AM,05:01 AM,20fyee,"XIIVI, 20fyee, Pas Comme Eux",2k23,0,0.619,0.449,126.841
05:01 AM,05:01 AM,Pas Comme Eux,"XIIVI, 20fyee, Pas Comme Eux",2k23,0,0.619,0.449,126.841
9atli Le Mazel,SODA,BAXV,BAXV,2k23,0,0.843,0.41,120.064
BLADE RUNNER,Four Seasons One Climate,USCHIHA,"USCHIHA, BAXV",2k23,0,0.585,0.381,158.068
BLADE RUNNER,Four Seasons One Climate,BAXV,"USCHIHA, BAXV",2k23,0,0.585,0.381,158.068
Fuck Wit Me,Bag Talk,Pink Siifu,"Pink Siifu, YUNGMORPHEUS, VRITRA",2k23,0,0.806,0.412,117.832
Fuck Wit Me,Bag Talk,YUNGMORPHEUS,"Pink Siifu, YUNGMORPHEUS, VRITRA",2k23,0,0.806,0.412,117.832
Fuck Wit Me,Bag Talk,VRITRA,"Pink Siifu, YUNGMORPHEUS, VRITRA",2k23,0,0.806,0.412,117.832
90377 SEDNA,Gen Z,$MXTI,"$MXTI, Cheb terro",2k23,0,0.631,0.361,81.046
90377 SEDNA,Gen Z,Cheb terro,"$MXTI, Cheb terro",2k23,0,0.631,0.361,81.046
MOONLIGHT,METRO EL RAP FM (Deluxe),SAFFWIZZ,"SAFFWIZZ, Defame, Icxn",2k23,11,0.718,0.779,98.018
MOONLIGHT,METRO EL RAP FM (Deluxe),Defame,"SAFFWIZZ, Defame, Icxn",2k23,11,0.718,0.779,98.018
MOONLIGHT,METRO EL RAP FM (Deluxe),Icxn,"SAFFWIZZ, Defame, Icxn",2k23,11,0.718,0.779,98.018
Toxicity,GOOD KID TOXIC CITY.,XIIVI,XIIVI,2k23,0,0.611,0.503,136.873
Baba Lakorza Lant5a,Baba Lakorza Lant5a,MARROUKI,"MARROUKI, HTB",2k23,0,0.778,0.549,82.002
Baba Lakorza Lant5a,Baba Lakorza Lant5a,HTB,"MARROUKI, HTB",2k23,0,0.778,0.549,82.002
Malla La3b,Waves,SAFFWIZZ,SAFFWIZZ,2k23,8,0.866,0.658,144.966
Ray Mysterio,Hall & Nash 2,Westside Gunn,"Westside Gunn, Conway the Machine, The Alchemist",2k23,40,0.692,0.807,132.205
Ray Mysterio,Hall & Nash 2,Conway the Machine,"Westside Gunn, Conway the Machine, The Alchemist",2k23,40,0.692,0.807,132.205
Ray Mysterio,Hall & Nash 2,The Alchemist,"Westside Gunn, Conway the Machine, The Alchemist",2k23,40,0.692,0.807,132.205
New Thangs,Fetti,Curren$y,"Curren$y, Freddie Gibbs, The Alchemist",2k23,51,0.595,0.555,78.558
New Thangs,Fetti,Freddie Gibbs,"Curren$y, Freddie Gibbs, The Alchemist",2k23,51,0.595,0.555,78.558
New Thangs,Fetti,The Alchemist,"Curren$y, Freddie Gibbs, The Alchemist",2k23,51,0.595,0.555,78.558
Vin Skully,VOIR DIRE,Earl Sweatshirt,"Earl Sweatshirt, The Alchemist",2k23,56,0.591,0.39,75.847
Vin Skully,VOIR DIRE,The Alchemist,"Earl Sweatshirt, The Alchemist",2k23,56,0.591,0.39,75.847
Verse Ahlem,EASTCOASTSTORY: lifestyles,COSMIC,COSMIC,2k23,17,0.366,0.316,80.298
Moment Of Clarity,Moment Of Clarity,Rowlan,"Rowlan, Jon Connor, Katori Walker",2k23,23,0.508,0.473,77.484
Moment Of Clarity,Moment Of Clarity,Jon Connor,"Rowlan, Jon Connor, Katori Walker",2k23,23,0.508,0.473,77.484
Moment Of Clarity,Moment Of Clarity,Katori Walker,"Rowlan, Jon Connor, Katori Walker",2k23,23,0.508,0.473,77.484
Ka7la Stella,Ka7la Stella,BAXV,BAXV,baxv_radio,13,0.824,0.235,109.963
Fatale,APOLLO,Wingz,"Wingz, XIIVI, Kiev",baxv_radio,29,0.69,0.599,78.995
Fatale,APOLLO,XIIVI,"Wingz, XIIVI, Kiev",baxv_radio,29,0.69,0.599,78.995
Fatale,APOLLO,Kiev,"Wingz, XIIVI, Kiev",baxv_radio,29,0.69,0.599,78.995
تالابيب,تالابيب,Cheb terro,Cheb terro,baxv_radio,24,0.867,0.603,128.569
U Lie,Lahmer Album,G.G.A,G.G.A,baxv_radio,15,0.576,0.468,108.019
Fusion,Fusion,KHLNZYY,"KHLNZYY, BAXV",baxv_radio,15,0.942,0.449,124.046
Fusion,Fusion,BAXV,"KHLNZYY, BAXV",baxv_radio,15,0.942,0.449,124.046
9atli Le Mazel,Soda,BAXV,BAXV,baxv_radio,13,0.843,0.41,120.064
Ghara9,Ghara9,FIN,"FIN, XIIVI",baxv_radio,18,0.561,0.666,130.136
Ghara9,Ghara9,XIIVI,"FIN, XIIVI",baxv_radio,18,0.561,0.666,130.136
4000,Yeti,Wingz,"Wingz, Kiev",baxv_radio,25,0.744,0.45,158.021
4000,Yeti,Kiev,"Wingz, Kiev",baxv_radio,25,0.744,0.45,158.021
عدنان ولينا,عدنان ولينا,Cheb terro,Cheb terro,baxv_radio,28,0.668,0.374,77.516
7amra ka7la,RISE OF A GANG,Ta9chira,"Ta9chira, 4lfa, Brotherhood Family, Ktyb",baxv_radio,35,0.69,0.564,89.937
7amra ka7la,RISE OF A GANG,4lfa,"Ta9chira, 4lfa, Brotherhood Family, Ktyb",baxv_radio,35,0.69,0.564,89.937
7amra ka7la,RISE OF A GANG,Brotherhood Family,"Ta9chira, 4lfa, Brotherhood Family, Ktyb",baxv_radio,35,0.69,0.564,89.937
7amra ka7la,RISE OF A GANG,Ktyb,"Ta9chira, 4lfa, Brotherhood Family, Ktyb",baxv_radio,35,0.69,0.564,89.937
Ok Nivam,Ghost,BAXV,"BAXV, XIIVI",baxv_radio,20,0.736,0.59,156.017
Ok Nivam,Ghost,XIIVI,"BAXV, XIIVI",baxv_radio,20,0.736,0.59,156.017
Mewtwo,Six Side,SIXBOI,SIXBOI,baxv_radio,17,0.953,0.297,113.026
TAKE CARE,thank you for waiting,Na$s 2y2,Na$s 2y2,baxv_radio,16,0.691,0.361,109.955
Nigga Who Cares ?,INFAMOUS,Wingz,"Wingz, XIIVI",baxv_radio,25,0.921,0.567,129.927
Nigga Who Cares ?,INFAMOUS,XIIVI,"Wingz, XIIVI",baxv_radio,25,0.921,0.567,129.927
Rai Futura 2000,Rai Futura,Cheb terro,"Cheb terro, Taymour",baxv_radio,16,0.847,0.546,140.974
Rai Futura 2000,Rai Futura,Taymour,"Cheb terro, Taymour",baxv_radio,16,0.847,0.546,140.974
Bourid (Interlude),Odyssey (Odd To See),BAXV,BAXV,baxv_radio,10,0.797,0.259,136.723
In da haha,Tchedou m'debo [01 Mixtape],Vipa,"Vipa, ElMassi",baxv_radio,14,0.735,0.474,86.035
In da haha,Tchedou m'debo [01 Mixtape],ElMassi,"Vipa, ElMassi",baxv_radio,14,0.735,0.474,86.035
ANGEL DUST,FINGZ SE4SON,FIN,"FIN, Wingz, BAXV",baxv_radio,10,0.463,0.53,249.446
ANGEL DUST,FINGZ SE4SON,Wingz,"FIN, Wingz, BAXV",baxv_radio,10,0.463,0.53,249.446
ANGEL DUST,FINGZ SE4SON,BAXV,"FIN, Wingz, BAXV",baxv_radio,10,0.463,0.53,249.446
Dhaw Elgamra,Lahmer Album,G.G.A,G.G.A,baxv_radio,27,0.717,0.528,119.837
flashforward,Missing Archives,Wingz,Wingz,baxv_radio,25,0.651,0.704,96.003
7OUMET ZEBI DHI9A,ONCE UPON A TIME IN 7OUMET 3AYCHA,BAXV,BAXV,baxv_radio,14,0.812,0.332,140.051
ذكريات,ذكريات,Cheb terro,Cheb terro,baxv_radio,29,0.644,0.488,72.955
Flen W Flen,Rachma Sounds Vol. 1,GAL3Y,"GAL3Y, Vipa",baxv_radio,17,0.589,0.648,87.781
Flen W Flen,Rachma Sounds Vol. 1,Vipa,"GAL3Y, Vipa",baxv_radio,17,0.589,0.648,87.781
N3ich Fin (RIP Cheb Terro),N3ich Fin (RIP Cheb Terro),khadhraoui ghaith,"khadhraoui ghaith, WECIM",baxv_radio,16,0.634,0.252,78.176
N3ich Fin (RIP Cheb Terro),N3ich Fin (RIP Cheb Terro),WECIM,"khadhraoui ghaith, WECIM",baxv_radio,16,0.634,0.252,78.176
Saddem Houssine,Lahmer Mixtape,G.G.A,G.G.A,baxv_radio,29,0.824,0.793,125.973
pussy juice,Missing Archives,Wingz,"Wingz, XIIVI",baxv_radio,24,0.76,0.566,157.986
pussy juice,Missing Archives,XIIVI,"Wingz, XIIVI",baxv_radio,24,0.76,0.566,157.986
Baganda,Soda,BAXV,BAXV,baxv_radio,9,0.853,0.453,117.047
Exit,Exit,Cheb terro,Cheb terro,baxv_radio,21,0.763,0.545,135.895
DICTUM (feat. KHLNZYY),HEISEINBVNG,BVNGBELV,"BVNGBELV, KHLNZYY",baxv_radio,9,0.609,0.508,98.454
DICTUM (feat. KHLNZYY),HEISEINBVNG,KHLNZYY,"BVNGBELV, KHLNZYY",baxv_radio,9,0.609,0.508,98.454
3ichna rjel,DEBO Maya3rfouch [00 Mixtape],Katybon,"Katybon, Vipa, Pazaman, Trappa",baxv_radio,24,0.425,0.591,81.913
3ichna rjel,DEBO Maya3rfouch [00 Mixtape],Vipa,"Katybon, Vipa, Pazaman, Trappa",baxv_radio,24,0.425,0.591,81.913
3ichna rjel,DEBO Maya3rfouch [00 Mixtape],Pazaman,"Katybon, Vipa, Pazaman, Trappa",baxv_radio,24,0.425,0.591,81.913
3ichna rjel,DEBO Maya3rfouch [00 Mixtape],Trappa,"Katybon, Vipa, Pazaman, Trappa",baxv_radio,24,0.425,0.591,81.913
90377 SEDNA,GEN Z,$MXTI,"$MXTI, Cheb terro",baxv_radio,16,0.575,0.361,81.106
90377 SEDNA,GEN Z,Cheb terro,"$MXTI, Cheb terro",baxv_radio,16,0.575,0.361,81.106
Zugzwang,OYABUN,Wingz,"Wingz, XIIVI, BAXV",baxv_radio,19,0.807,0.55,140.024
Zugzwang,OYABUN,XIIVI,"Wingz, XIIVI, BAXV",baxv_radio,19,0.807,0.55,140.024
Zugzwang,OYABUN,BAXV,"Wingz, XIIVI, BAXV",baxv_radio,19,0.807,0.55,140.024
Hood Baby,Soda,BAXV,BAXV,baxv_radio,5,0.791,0.562,82.925
Dead Face,Dead Face,Cheb terro,Cheb terro,baxv_radio,19,0.646,0.535,140.064
Saber Carbone (Allah Yar7mou),Shams W 9amar,Feddini,"Feddini, Ktyb",baxv_radio,21,0.697,0.418,89.136
Saber Carbone (Allah Yar7mou),Shams W 9amar,Ktyb,"Feddini, Ktyb",baxv_radio,21,0.697,0.418,89.136
Fucked Up,Six Side,SIXBOI,SIXBOI,baxv_radio,14,0.837,0.333,159.946
ARDH ARDH,FOG JUICE,Ktyb,"Ktyb, Feddini",baxv_radio,28,0.725,0.783,87.052
ARDH ARDH,FOG JUICE,Feddini,"Ktyb, Feddini",baxv_radio,28,0.725,0.783,87.052
French Bitch 2,INFAMOUS,Wingz,"Wingz, XIIVI, BAXV",baxv_radio,22,0.701,0.622,150.05
French Bitch 2,INFAMOUS,XIIVI,"Wingz, XIIVI, BAXV",baxv_radio,22,0.701,0.622,150.05
French Bitch 2,INFAMOUS,BAXV,"Wingz, XIIVI, BAXV",baxv_radio,22,0.701,0.622,150.05
ZAR9A BITA9TI,ONCE UPON A TIME IN 7OUMET 3AYCHA,BAXV,BAXV,baxv_radio,4,0.861,0.277,149.01
Chera3 Ghana,BAD ANGEL,Naqqa,Naqqa,baxv_radio,35,0.902,0.297,86.498
Kahla,Lahmer Album,G.G.A,G.G.A,baxv_radio,19,0.921,0.457,100.033
Deep Web,Deep Web,Cheb terro,Cheb terro,baxv_radio,16,0.819,0.193,137.977
Losing My Mind,ALIVE,Soldjvt,Soldjvt,baxv_radio,11,0.773,0.558,132.065
Misfits,NEBULA,Wingz,"Wingz, XIIVI",baxv_radio,27,0.711,0.659,180.94
Misfits,NEBULA,XIIVI,"Wingz, XIIVI",baxv_radio,27,0.711,0.659,180.94
Artal,Soda,BAXV,BAXV,baxv_radio,4,0.634,0.648,75.506
Sinaloa,RISE OF A GANG,Ta9chira,"Ta9chira, Brotherhood Family, 4lfa, Ktyb",baxv_radio,31,0.817,0.576,148.993
Sinaloa,RISE OF A GANG,Brotherhood Family,"Ta9chira, Brotherhood Family, 4lfa, Ktyb",baxv_radio,31,0.817,0.576,148.993
Sinaloa,RISE OF A GANG,4lfa,"Ta9chira, Brotherhood Family, 4lfa, Ktyb",baxv_radio,31,0.817,0.576,148.993
Sinaloa,RISE OF A GANG,Ktyb,"Ta9chira, Brotherhood Family, 4lfa, Ktyb",baxv_radio,31,0.817,0.576,148.993
Freelancer,Ghram,G.G.A,"G.G.A, Samara",baxv_radio,25,0.775,0.429,86.934
Freelancer,Ghram,Samara,"G.G.A, Samara",baxv_radio,25,0.775,0.429,86.934
RINNEGAN,IMMORTAL CAESAR,Fossa,Fossa,baxv_radio,12,0.756,0.48,125.086
Jungle,APOLLO,Wingz,"Wingz, Fossa, Donga",baxv_radio,13,0.712,0.554,160.076
Jungle,APOLLO,Fossa,"Wingz, Fossa, Donga",baxv_radio,13,0.712,0.554,160.076
Jungle,APOLLO,Donga,"Wingz, Fossa, Donga",baxv_radio,13,0.712,0.554,160.076
Mouziket Maghar,COLLECTION OF CHEB TERRO X DJ HRIZEN,DJ Hrizen,"DJ Hrizen, Cheb terro",dj_hrizen_radio,16,0.879,0.478,140.173
Mouziket Maghar,COLLECTION OF CHEB TERRO X DJ HRIZEN,Cheb terro,"DJ Hrizen, Cheb terro",dj_hrizen_radio,16,0.879,0.478,140.173
Kingpen,Lahmer Album,G.G.A,G.G.A,dj_hrizen_radio,16,0.724,0.543,120.01
Tamtati,DEBO Maya3rfouch [00 Mixtape],Katybon,"Katybon, Vipa",dj_hrizen_radio,37,0.529,0.837,82.442
Tamtati,DEBO Maya3rfouch [00 Mixtape],Vipa,"Katybon, Vipa",dj_hrizen_radio,37,0.529,0.837,82.442
Interlude (Chyea7),Tchedou m'debo [01 Mixtape],Katybon,Katybon,dj_hrizen_radio,18,0.943,0.614,97.259
Aradinha,Aradinha,JenJoon,JenJoon,dj_hrizen_radio,27,0.705,0.621,156.032
Garden,Faces,Ratchopper,"Ratchopper, 4lfa",dj_hrizen_radio,11,0.599,0.644,139.98
Garden,Faces,4lfa,"Ratchopper, 4lfa",dj_hrizen_radio,11,0.599,0.644,139.98
Shaamalna,Lahmer Album,G.G.A,G.G.A,dj_hrizen_radio,15,0.789,0.618,129.931
Cyber Phonk°,COLLECTION OF CHEB TERRO X DJ HRIZEN,DJ Hrizen,"DJ Hrizen, Cheb terro",dj_hrizen_radio,10,0.809,0.359,150.033
Cyber Phonk°,COLLECTION OF CHEB TERRO X DJ HRIZEN,Cheb terro,"DJ Hrizen, Cheb terro",dj_hrizen_radio,10,0.809,0.359,150.033
3lech Tgajmou,Lahmer Mixtape,G.G.A,G.G.A,dj_hrizen_radio,16,0.93,0.616,128.005
Trailer Park Boys,COLLECTION OF CHEB TERRO X DJ HRIZEN,DJ Hrizen,"DJ Hrizen, $MXTI, Cheb terro",dj_hrizen_radio,10,0.636,0.678,139.861
Trailer Park Boys,COLLECTION OF CHEB TERRO X DJ HRIZEN,$MXTI,"DJ Hrizen, $MXTI, Cheb terro",dj_hrizen_radio,10,0.636,0.678,139.861
Trailer Park Boys,COLLECTION OF CHEB TERRO X DJ HRIZEN,Cheb terro,"DJ Hrizen, $MXTI, Cheb terro",dj_hrizen_radio,10,0.636,0.678,139.861
focus on yourself king,Missing Archives,Wingz,"Wingz, XIIVI",dj_hrizen_radio,18,0.604,0.729,118.744
focus on yourself king,Missing Archives,XIIVI,"Wingz, XIIVI",dj_hrizen_radio,18,0.604,0.729,118.744
Bad Trip 2,Bad Trip 2,Cheb terro,Cheb terro,dj_hrizen_radio,20,0.826,0.62,122.566
Ah,Adheka Libik,Vipa,Vipa,dj_hrizen_radio,19,0.86,0.413,92.006
Belmakloub,Lahmer Album,G.G.A,G.G.A,dj_hrizen_radio,18,0.914,0.669,130.026
Semi Auto,Megalodon,Wingz,"Wingz, Kiev",dj_hrizen_radio,18,0.84,0.473,144.981
Semi Auto,Megalodon,Kiev,"Wingz, Kiev",dj_hrizen_radio,18,0.84,0.473,144.981
Ghost,COLLECTION OF CHEB TERRO X DJ HRIZEN,DJ Hrizen,"DJ Hrizen, Cheb terro",dj_hrizen_radio,8,0.688,0.552,160.01
Ghost,COLLECTION OF CHEB TERRO X DJ HRIZEN,Cheb terro,"DJ Hrizen, Cheb terro",dj_hrizen_radio,8,0.688,0.552,160.01
Green Virus,Green Virus,Cheb terro,Cheb terro,dj_hrizen_radio,22,0.905,0.238,140.013
6.Ila,6.Ila,G.G.A,"G.G.A, M.S.I",dj_hrizen_radio,23,0.881,0.641,143.178
6.Ila,6.Ila,M.S.I,"G.G.A, M.S.I",dj_hrizen_radio,23,0.881,0.641,143.178
Çakmak,Yabancı,Wingz,"Wingz, $MXTI, Mahdigreb",dj_hrizen_radio,16,0.698,0.465,119.942
Çakmak,Yabancı,$MXTI,"Wingz, $MXTI, Mahdigreb",dj_hrizen_radio,16,0.698,0.465,119.942
Çakmak,Yabancı,Mahdigreb,"Wingz, $MXTI, Mahdigreb",dj_hrizen_radio,16,0.698,0.465,119.942
Ta9s Bered,Gharghour Elil,El Big Five,El Big Five,ibliss_nzis,0,0.611,0.509,126.167
3-2-4-1,FUCK THE KID .. AND THE CITY,XIIVI,XIIVI,ibliss_nzis,0,0.683,0.363,143.817
Potato Sauce,NEBULA,Wingz,Wingz,ibliss_nzis,0,0.703,0.405,172.739
MESTWI,MESTWI,Ktyb,"Ktyb, DON PAC",ktyb_mix,36,0.739,0.475,86.237
MESTWI,MESTWI,DON PAC,"Ktyb, DON PAC",ktyb_mix,36,0.739,0.475,86.237
Yemma,Yemma,JenJoon,"JenJoon, Sharifa Jamal",ktyb_mix,45,0.787,0.383,109.974
Yemma,Yemma,Sharifa Jamal,"JenJoon, Sharifa Jamal",ktyb_mix,45,0.787,0.383,109.974
Fool,Bon Vent,4lfa,"4lfa, Ktyb, Mahdi Machfar",ktyb_mix,39,0.76,0.653,144.111
Fool,Bon Vent,Ktyb,"4lfa, Ktyb, Mahdi Machfar",ktyb_mix,39,0.76,0.653,144.111
Fool,Bon Vent,Mahdi Machfar,"4lfa, Ktyb, Mahdi Machfar",ktyb_mix,39,0.76,0.653,144.111
Hayala,Hayala,JenJoon,JenJoon,ktyb_mix,48,0.747,0.52,97.975
يا مالي البيت,Mdayda,JenJoon,JenJoon,ktyb_mix,34,0.615,0.486,163.954
INFRARED,INFRARED,Ktyb,Ktyb,ktyb_mix,38,0.568,0.495,94.922
Abda Bill,Mixtape Vol. 2,Ktyb,Ktyb,ktyb_mix,37,0.373,0.573,80.318
Barrani,Barrani,JenJoon,JenJoon,ktyb_mix,37,0.404,0.475,193.531
NESSI ENNOUM,NESSI ENNOUM,Ktyb,"Ktyb, Feddini",ktyb_mix,37,0.526,0.524,169.814
NESSI ENNOUM,NESSI ENNOUM,Feddini,"Ktyb, Feddini",ktyb_mix,37,0.526,0.524,169.814
Ramallah,Ramallah,Junior Hassen,Junior Hassen,ktyb_mix,46,0.826,0.684,86.972
AKADHIB,AKADHIB,Ktyb,"Ktyb, A.L.A, John Six",ktyb_mix,41,0.748,0.58,96.994
AKADHIB,AKADHIB,A.L.A,"Ktyb, A.L.A, John Six",ktyb_mix,41,0.748,0.58,96.994
AKADHIB,AKADHIB,John Six,"Ktyb, A.L.A, John Six",ktyb_mix,41,0.748,0.58,96.994
Belekchi Na El Ghalet,Belekchi Na El Ghalet,JenJoon,JenJoon,ktyb_mix,36,0.713,0.533,150.546
BAYAN,BAYAN,Ktyb,"Ktyb, EMP1RE",ktyb_mix,35,0.506,0.713,83.106
BAYAN,BAYAN,EMP1RE,"Ktyb, EMP1RE",ktyb_mix,35,0.506,0.713,83.106
Mouta Mouta,Mouta Mouta,JenJoon,JenJoon,ktyb_mix,46,0.611,0.452,130.18
Manetfergou,Mdayda,JenJoon,JenJoon,ktyb_mix,50,0.726,0.409,140.153
KIMPEMBE,NOISE CANCELLING,Ktyb,"Ktyb, John Six",ktyb_mix,33,0.449,0.69,86.037
KIMPEMBE,NOISE CANCELLING,John Six,"Ktyb, John Six",ktyb_mix,33,0.449,0.69,86.037
Ola - Acoustic version,Ola (Acoustic version),Ktyb,Ktyb,ktyb_mix,24,0.542,0.691,98.267
Zin Ezzin,Zin Ezzin,JenJoon,JenJoon,ktyb_mix,43,0.737,0.478,144.068
MANNENI,MANNENI,Ktyb,"Ktyb, Feddini",ktyb_mix,29,0.461,0.614,83.339
MANNENI,MANNENI,Feddini,"Ktyb, Feddini",ktyb_mix,29,0.461,0.614,83.339
Omniyet,Ellil,JenJoon,JenJoon,ktyb_mix,40,0.783,0.567,138.919
INTRO,NOISE CANCELLING,Ktyb,"Ktyb, John Six",ktyb_mix,27,0.609,0.678,138.762
INTRO,NOISE CANCELLING,John Six,"Ktyb, John Six",ktyb_mix,27,0.609,0.678,138.762
Parasite,Parasite,JenJoon,JenJoon,ktyb_mix,37,0.832,0.711,131.95
LEARN YOUR LESSON,NOISE CANCELLING,Ktyb,"Ktyb, John Six",ktyb_mix,26,0.78,0.678,108.044
LEARN YOUR LESSON,NOISE CANCELLING,John Six,"Ktyb, John Six",ktyb_mix,26,0.78,0.678,108.044
FIJIBI,EASTCOASTSTORY: lifestyles,COSMIC,COSMIC,ktyb_mix,39,0.832,0.526,121.021
RAHEEB,No Doubt II,Ktyb,"Ktyb, Feddini",ktyb_mix,26,0.56,0.713,165.052
RAHEEB,No Doubt II,Feddini,"Ktyb, Feddini",ktyb_mix,26,0.56,0.713,165.052
Buy or Bye,M9ass Ennar,Stou,Stou,ktyb_mix,40,0.807,0.673,148.019
Ghazali,Ghazali,Ktyb,"Ktyb, John Six, NORDO",ktyb_mix,38,0.693,0.64,150.014
Ghazali,Ghazali,John Six,"Ktyb, John Six, NORDO",ktyb_mix,38,0.693,0.64,150.014
Ghazali,Ghazali,NORDO,"Ktyb, John Six, NORDO",ktyb_mix,38,0.693,0.64,150.014
Mel Galb,Mel Galb,JenJoon,JenJoon,ktyb_mix,35,0.736,0.568,164.045
JRAD,NOISE CANCELLING,Ktyb,"Ktyb, John Six",ktyb_mix,28,0.541,0.508,147.474
JRAD,NOISE CANCELLING,John Six,"Ktyb, John Six",ktyb_mix,28,0.541,0.508,147.474
S3ib,S3ib,A.L.A,A.L.A,ktyb_mix,53,0.805,0.609,140.134
Tournevis,Mixtape Vol. 2,Ktyb,Ktyb,ktyb_mix,23,0.684,0.482,89.929
U Changed,Age Began Counting,4lfa,4lfa,ktyb_mix,35,0.53,0.451,167.705
Denya Asbeb,Mixtape Vol. 2,Ktyb,"Ktyb, 4lfa",ktyb_mix,31,0.647,0.52,82.203
Denya Asbeb,Mixtape Vol. 2,4lfa,"Ktyb, 4lfa",ktyb_mix,31,0.647,0.52,82.203
Shweraa Tafia,Shweraa Tafia,JenJoon,"JenJoon, 4lfa",ktyb_mix,38,0.756,0.654,100.996
Shweraa Tafia,Shweraa Tafia,4lfa,"JenJoon, 4lfa",ktyb_mix,38,0.756,0.654,100.996
SOFIA,SOFIA,Ktyb,"Ktyb, GAL3Y",ktyb_mix,40,0.744,0.834,95.025
SOFIA,SOFIA,GAL3Y,"Ktyb, GAL3Y",ktyb_mix,40,0.744,0.834,95.025
3eres edhib,3eres edhib,Naqqa,Naqqa,ktyb_mix,29,0.669,0.588,95.996
Masajin,Masajin,Junior Hassen,Junior Hassen,ktyb_mix,47,0.838,0.474,86.993
Filfel Msayell,Mixtape Vol. 2,Ktyb,Ktyb,ktyb_mix,24,0.736,0.433,90.045
Maktoub,Balance,A.L.A,A.L.A,ktyb_mix,49,0.829,0.531,94.005
ANAMAN,NOISE CANCELLING,Ktyb,"Ktyb, John Six",ktyb_mix,28,0.588,0.693,138.224
ANAMAN,NOISE CANCELLING,John Six,"Ktyb, John Six",ktyb_mix,28,0.588,0.693,138.224
Rachklou,RISE OF A GANG,Brotherhood Family,"Brotherhood Family, 4lfa, Stou",ktyb_mix,28,0.842,0.494,130.034
Rachklou,RISE OF A GANG,4lfa,"Brotherhood Family, 4lfa, Stou",ktyb_mix,28,0.842,0.494,130.034
Rachklou,RISE OF A GANG,Stou,"Brotherhood Family, 4lfa, Stou",ktyb_mix,28,0.842,0.494,130.034
Requin,RISE OF A GANG,Brotherhood Family,"Brotherhood Family, 4lfa, Ta9chira, Ktyb",ktyb_mix,33,0.77,0.493,120.011
Requin,RISE OF A GANG,4lfa,"Brotherhood Family, 4lfa, Ta9chira, Ktyb",ktyb_mix,33,0.77,0.493,120.011
Requin,RISE OF A GANG,Ta9chira,"Brotherhood Family, 4lfa, Ta9chira, Ktyb",ktyb_mix,33,0.77,0.493,120.011
Requin,RISE OF A GANG,Ktyb,"Brotherhood Family, 4lfa, Ta9chira, Ktyb",ktyb_mix,33,0.77,0.493,120.011
AIINA,AIINA,A.L.A,A.L.A,ktyb_mix,49,0.699,0.455,98.084
CHIKOUR,CHIKOUR,Fossa,Fossa,top_50__tunisia,7,0.734,0.92,148.038
HET,HET,M.A,"M.A, Gharga",top_50__tunisia,3,0.68,0.651,140.041
HET,HET,Gharga,"M.A, Gharga",top_50__tunisia,3,0.68,0.651,140.041
RISE,RISE,Fossa,Fossa,top_50__tunisia,7,0.594,0.604,138.148
CHED ROUTE,CHED ROUTE,HTB,"HTB, XIIVI, Catcher, OXYJHIN",top_50__tunisia,29,0.793,0.449,140.027
CHED ROUTE,CHED ROUTE,XIIVI,"HTB, XIIVI, Catcher, OXYJHIN",top_50__tunisia,29,0.793,0.449,140.027
CHED ROUTE,CHED ROUTE,Catcher,"HTB, XIIVI, Catcher, OXYJHIN",top_50__tunisia,29,0.793,0.449,140.027
CHED ROUTE,CHED ROUTE,OXYJHIN,"HTB, XIIVI, Catcher, OXYJHIN",top_50__tunisia,29,0.793,0.449,140.027
CANADA,CANADA,7Baby,"7Baby, 90s Shawty",top_50__tunisia,11,0.47,0.498,80.007
CANADA,CANADA,90s Shawty,"7Baby, 90s Shawty",top_50__tunisia,11,0.47,0.498,80.007
YALLA,YALLA,M.A,M.A,top_50__tunisia,2,0.89,0.502,148.072
KING VON,KING VON,Fossa,Fossa,top_50__tunisia,5,0.743,0.362,158.108
Ghosted,PLUG LIFE,Wingz,Wingz,top_50__tunisia,15,0.821,0.412,144.091
RACHMET,RACHMET,HTB,"HTB, OXYJHIN",top_50__tunisia,7,0.685,0.364,169.96
RACHMET,RACHMET,OXYJHIN,"HTB, OXYJHIN",top_50__tunisia,7,0.685,0.364,169.96
EMPTY NESS,ROBUCHON'S JAM,Fossa,Fossa,top_50__tunisia,3,0.778,0.341,134.148
ILLEST IN THE CITY,ROBUCHON'S JAM,Fossa,Fossa,top_50__tunisia,2,0.818,0.441,139.061
JAD ALIK,JAD ALIK,HTB,HTB,top_50__tunisia,5,0.718,0.636,90.04
Plugged In,PLUG LIFE,Wingz,Wingz,top_50__tunisia,17,0.814,0.549,123.112
MELODIC PAIN,ROBUCHON'S JAM,Fossa,Fossa,top_50__tunisia,2,0.711,0.544,129.921
LEZEM,ROBUCHON'S JAM,Fossa,Fossa,top_50__tunisia,3,0.751,0.454,133.934
OBITO,OBITO,DACHI,"DACHI, Catcher",top_50__tunisia,6,0.601,0.553,155.013
OBITO,OBITO,Catcher,"DACHI, Catcher",top_50__tunisia,6,0.601,0.553,155.013
7100,7100,Fossa,Fossa,top_50__tunisia,5,0.844,0.552,130.056
Couscous Connection,Couscous Connection,Wingz,Wingz,top_50__tunisia,19,0.564,0.676,82.927
بحر,بحر,7Baby,"7Baby, 90s Shawty",top_50__tunisia,9,0.375,0.336,75.909
بحر,بحر,90s Shawty,"7Baby, 90s Shawty",top_50__tunisia,9,0.375,0.336,75.909
Crash Out,Crash Out,Wingz,Wingz,top_50__tunisia,12,0.831,0.555,124.049
1221,1221,Fossa,Fossa,top_50__tunisia,2,0.478,0.688,155.541
Napoli,Napoli,Wingz,Wingz,top_50__tunisia,11,0.717,0.583,143.905
Ferrero Rocher,Ferrero Rocher,DvrkBoy,DvrkBoy,top_50__tunisia,6,0.538,0.674,89.496
Highway 2 Hell,NONCHALANT,Wingz,Wingz,top_50__tunisia,8,0.69,0.66,135.146
GTO,GTO,DACHI,"DACHI, Catcher",top_50__tunisia,9,0.742,0.619,143.006
GTO,GTO,Catcher,"DACHI, Catcher",top_50__tunisia,9,0.742,0.619,143.006
flashforward,missing archives (deluxe edition),Wingz,Wingz,top_50__tunisia,3,0.651,0.704,96.003
KWIKA,KWIKA,HTB,HTB,top_50__tunisia,11,0.749,0.533,87.742
Kimbo Slice,PROPAGANDA (DELUXE),Wingz,Wingz,top_50__tunisia,14,0.852,0.486,100.024
ABC,ABC,Fossa,Fossa,top_50__tunisia,3,0.742,0.511,102.016
P2YP,MOSHPITTAPE VOL 1,666GNG,"666GNG, Wingz",top_50__tunisia,9,0.729,0.769,90.048
P2YP,MOSHPITTAPE VOL 1,Wingz,"666GNG, Wingz",top_50__tunisia,9,0.729,0.769,90.048
Streets Know,PROPAGANDA,Wingz,Wingz,top_50__tunisia,6,0.871,0.563,161.98
SMS,SMS,Ratacid,"Ratacid, Wingz, Donga",top_50__tunisia,6,0.359,0.731,168.19
SMS,SMS,Wingz,"Ratacid, Wingz, Donga",top_50__tunisia,6,0.359,0.731,168.19
SMS,SMS,Donga,"Ratacid, Wingz, Donga",top_50__tunisia,6,0.359,0.731,168.19
DECEMBER,DECEMBER,7Baby,"7Baby, R2LF5",top_50__tunisia,5,0.65,0.412,119.999
DECEMBER,DECEMBER,R2LF5,"7Baby, R2LF5",top_50__tunisia,5,0.65,0.412,119.999
Poids Lourd,Poids Lourd,Fossa,Fossa,top_50__tunisia,1,0.946,0.301,120.001
MIA KHALIFA,MIA KHALIFA,Wingz,Wingz,top_50__tunisia,17,0.897,0.639,147.998
Be Careful 2,Be Careful 2,DvrkBoy,"DvrkBoy, Catcher",top_50__tunisia,3,0.87,0.532,90.032
Be Careful 2,Be Careful 2,Catcher,"DvrkBoy, Catcher",top_50__tunisia,3,0.87,0.532,90.032
DISTANCE,DISTANCE,DvrkBoy,"DvrkBoy, Catcher",top_50__tunisia,5,0.796,0.429,145.002
DISTANCE,DISTANCE,Catcher,"DvrkBoy, Catcher",top_50__tunisia,5,0.796,0.429,145.002
DAMAGE,DAMAGE,7Baby,"7Baby, Catcher",top_50__tunisia,8,0.465,0.386,92.994
DAMAGE,DAMAGE,Catcher,"7Baby, Catcher",top_50__tunisia,8,0.465,0.386,92.994
Dead Faces,PROPAGANDA,Wingz,Wingz,top_50__tunisia,5,0.675,0.502,150.254
L.M.O.R,MORPH,Snoopy the highest,Snoopy the highest,top_50__tunisia,0,0.55,0.699,149.994
FLOUS W SAHA,NICE CATCH,Fossa,Fossa,top_50__tunisia,1,0.794,0.437,130.043
3021,3021,Wingz,Wingz,top_50__tunisia,11,0.864,0.237,154.013
APEX,HOOKLESS,Fossa,Fossa,top_50__tunisia,1,0.755,0.351,135.218
VICE CITY,VICE CITY,DACHI,"DACHI, 7Baby, Catcher",top_50__tunisia,7,0.797,0.498,146.007
VICE CITY,VICE CITY,7Baby,"DACHI, 7Baby, Catcher",top_50__tunisia,7,0.797,0.498,146.007
VICE CITY,VICE CITY,Catcher,"DACHI, 7Baby, Catcher",top_50__tunisia,7,0.797,0.498,146.007
CHARISMA,CHARISMA,DvrkBoy,"DvrkBoy, Catcher",top_50__tunisia,3,0.871,0.567,119.995
CHARISMA,CHARISMA,Catcher,"DvrkBoy, Catcher",top_50__tunisia,3,0.871,0.567,119.995
Ktebi,Hybrid,A.L.A,"A.L.A, RARE",top_50__tunisia,32,0.733,0.569,147.805
Ktebi,Hybrid,RARE,"A.L.A, RARE",top_50__tunisia,32,0.733,0.569,147.805
KARMA,KARMA,7Baby,"7Baby, Catcher",top_50__tunisia,13,0.688,0.448,150.02
KARMA,KARMA,Catcher,"7Baby, Catcher",top_50__tunisia,13,0.688,0.448,150.02
CHEF,CHEF,DvrkBoy,DvrkBoy,top_50__tunisia,5,0.852,0.797,152.936
Plug Freestyle - Remastered 2025,BOOTCAMP DELUXE,Wingz,"Wingz, Explicite",top_50__tunisia,5,0.888,0.787,81.055
Plug Freestyle - Remastered 2025,BOOTCAMP DELUXE,Explicite,"Wingz, Explicite",top_50__tunisia,5,0.888,0.787,81.055
FREE MY NIGGA,RANDOM TRACKS DAILY SUFFERING,Fossa,"Fossa, TOXICOLOGY LABEL, LoopLion",top_50__tunisia,1,0.609,0.43,84.896
FREE MY NIGGA,RANDOM TRACKS DAILY SUFFERING,TOXICOLOGY LABEL,"Fossa, TOXICOLOGY LABEL, LoopLion",top_50__tunisia,1,0.609,0.43,84.896
FREE MY NIGGA,RANDOM TRACKS DAILY SUFFERING,LoopLion,"Fossa, TOXICOLOGY LABEL, LoopLion",top_50__tunisia,1,0.609,0.43,84.896
Trabajo,BOOTCAMP DELUXE,Wingz,"Wingz, Explicite, Donga",top_50__tunisia,10,0.814,0.518,81.995
Trabajo,BOOTCAMP DELUXE,Explicite,"Wingz, Explicite, Donga",top_50__tunisia,10,0.814,0.518,81.995
Trabajo,BOOTCAMP DELUXE,Donga,"Wingz, Explicite, Donga",top_50__tunisia,10,0.814,0.518,81.995
TLAB A3TIH,RANDOM TRACKS DAILY SUFFERING,Fossa,"Fossa, TOXICOLOGY LABEL",top_50__tunisia,0,0.823,0.327,115.002
TLAB A3TIH,RANDOM TRACKS DAILY SUFFERING,TOXICOLOGY LABEL,"Fossa, TOXICOLOGY LABEL",top_50__tunisia,0,0.823,0.327,115.002
Autobahn,BOOTCAMP DELUXE,Wingz,"Wingz, Explicite, Pureconic",top_50__tunisia,5,0.841,0.457,144.048
Autobahn,BOOTCAMP DELUXE,Explicite,"Wingz, Explicite, Pureconic",top_50__tunisia,5,0.841,0.457,144.048
Autobahn,BOOTCAMP DELUXE,Pureconic,"Wingz, Explicite, Pureconic",top_50__tunisia,5,0.841,0.457,144.048
Dhlem Lil,Dhlem Lil,Samara,"Samara, Zaineb",top_50__tunisia,31,0.552,0.751,99.605
Dhlem Lil,Dhlem Lil,Zaineb,"Samara, Zaineb",top_50__tunisia,31,0.552,0.751,99.605
SAY DADA,NICE CATCH,Fossa,Fossa,top_50__tunisia,1,0.719,0.485,82.098
ROLLIN',ROLLIN',DACHI,DACHI,top_50__tunisia,2,0.695,0.577,149.829
Kobe,Hybrid,A.L.A,"A.L.A, Neima Ezza, Draganov",top_50__tunisia,44,0.829,0.565,141.881
Kobe,Hybrid,Neima Ezza,"A.L.A, Neima Ezza, Draganov",top_50__tunisia,44,0.829,0.565,141.881
Kobe,Hybrid,Draganov,"A.L.A, Neima Ezza, Draganov",top_50__tunisia,44,0.829,0.565,141.881
Cash & Pouvoir,Cash & Pouvoir,ABA,ABA,top_50__tunisia,2,0.806,0.478,144.04
999,999,Fossa,"Fossa, TOXICOLOGY LABEL",top_50__tunisia,2,0.688,0.602,86.08
999,999,TOXICOLOGY LABEL,"Fossa, TOXICOLOGY LABEL",top_50__tunisia,2,0.688,0.602,86.08
Happy Hour,Happy Hour,Stou,Stou,top_50__tunisia,21,0.596,0.418,147.834
01:00 AM,01:00 AM,7Baby,"7Baby, DvrkBoy, Catcher, It's ERROR",top_50__tunisia,23,0.739,0.471,145.315
01:00 AM,01:00 AM,DvrkBoy,"7Baby, DvrkBoy, Catcher, It's ERROR",top_50__tunisia,23,0.739,0.471,145.315
01:00 AM,01:00 AM,Catcher,"7Baby, DvrkBoy, Catcher, It's ERROR",top_50__tunisia,23,0.739,0.471,145.315
01:00 AM,01:00 AM,It's ERROR,"7Baby, DvrkBoy, Catcher, It's ERROR",top_50__tunisia,23,0.739,0.471,145.315
WA7LA,WA7LA,A.L.A,A.L.A,top_50__tunisia,29,0.852,0.756,81.005
Aayech Maak,Aayech Maak,Samara,Samara,top_50__tunisia,52,0.823,0.456,119.003
BIG L,BIG L,Snoopy the highest,Snoopy the highest,top_50__tunisia,1,0.69,0.588,100.031
Bonsoir,Bonsoir,Stou,Stou,top_50__tunisia,22,0.837,0.481,127.925
Feu Rouge,Zayn,Samara,"Samara, BAYA",top_50__tunisia,54,0.806,0.461,88.958
Feu Rouge,Zayn,BAYA,"Samara, BAYA",top_50__tunisia,54,0.806,0.461,88.958
Dayem Allah,Dayem Allah,DACHI,"DACHI, FrenchSo Beats",top_50__tunisia,0,0.508,0.704,186.432
Dayem Allah,Dayem Allah,FrenchSo Beats,"DACHI, FrenchSo Beats",top_50__tunisia,0,0.508,0.704,186.432
AADHEBI,AADHEBI,A.L.A,A.L.A,top_50__tunisia,39,0.74,0.634,101.946
Erwah,Erwah,HTB,"HTB, OXYJHIN",top_50__tunisia,4,0.786,0.309,84.995
Erwah,Erwah,OXYJHIN,"HTB, OXYJHIN",top_50__tunisia,4,0.786,0.309,84.995
Kothr lham ydhahk,dos d'âne,Fossa,"Fossa, TOXICOLOGY LABEL",top_50__tunisia,3,0.88,0.517,100.03
Kothr lham ydhahk,dos d'âne,TOXICOLOGY LABEL,"Fossa, TOXICOLOGY LABEL",top_50__tunisia,3,0.88,0.517,100.03
Colonel,Bounce Back,Fossa,Fossa,top_50__tunisia,15,0.74,0.51,114.989
DEVIL,DEVIL,DACHI,DACHI,top_50__tunisia,1,0.675,0.239,116.979
Bambina,Bambina,Mouka,"Mouka, Bo9al",top_50__tunisia,36,0.675,0.437,90.559
Bambina,Bambina,Bo9al,"Mouka, Bo9al",top_50__tunisia,36,0.675,0.437,90.559
Tla3 habet,dos d'âne,Fossa,"Fossa, TOXICOLOGY LABEL",top_50__tunisia,1,0.782,0.567,160.01
Tla3 habet,dos d'âne,TOXICOLOGY LABEL,"Fossa, TOXICOLOGY LABEL",top_50__tunisia,1,0.782,0.567,160.01
Ya Hbiba,Ya Hbiba,Blingos,"Blingos, Samara",top_50__tunisia,51,0.628,0.601,93.17
Ya Hbiba,Ya Hbiba,Samara,"Blingos, Samara",top_50__tunisia,51,0.628,0.601,93.17
ZZ,NICE CATCH,Fossa,Fossa,top_50__tunisia,3,0.836,0.491,120.004
MOTIVATION,MOTIVATION,NVST,"NVST, HTB, OXYJHIN",top_50__tunisia,5,0.63,0.244,169.902
MOTIVATION,MOTIVATION,HTB,"NVST, HTB, OXYJHIN",top_50__tunisia,5,0.63,0.244,169.902
MOTIVATION,MOTIVATION,OXYJHIN,"NVST, HTB, OXYJHIN",top_50__tunisia,5,0.63,0.244,169.902
CANDY SHOP,HOOKLESS,Fossa,Fossa,top_50__tunisia,1,0.711,0.457,79.996
Souk,Souk,Samara,Samara,top_50__tunisia,56,0.841,0.566,131.043
Ma Vie,Ma Vie,Sanfara,"Sanfara, Abdeelgha4",top_50__tunisia,31,0.707,0.515,109.027
Ma Vie,Ma Vie,Abdeelgha4,"Sanfara, Abdeelgha4",top_50__tunisia,31,0.707,0.515,109.027
BRAZIL,BRAZIL,RARE,RARE,top_50__tunisia,0,0.841,0.662,134.895
Chopard,Chopard,Samara,Samara,top_50__tunisia,52,0.891,0.525,121.004
BENDO,BENDO,M.A,"M.A, Ussef",top_50__tunisia,3,0.701,0.826,150.034
BENDO,BENDO,Ussef,"M.A, Ussef",top_50__tunisia,3,0.701,0.826,150.034
High Notes,PROPAGANDA,Wingz,Wingz,top_50__tunisia,7,0.571,0.489,143.775
Chernobyl,APOLLO,Wingz,"Wingz, DvrkBoy, Catcher",top_50__tunisia,16,0.757,0.652,143.011
Chernobyl,APOLLO,DvrkBoy,"Wingz, DvrkBoy, Catcher",top_50__tunisia,16,0.757,0.652,143.011
Chernobyl,APOLLO,Catcher,"Wingz, DvrkBoy, Catcher",top_50__tunisia,16,0.757,0.652,143.011
Dans la tête,Rapina,Young Rz,"Young Rz, Samara",top_50__tunisia,16,0.761,0.463,140.025
Dans la tête,Rapina,Samara,"Young Rz, Samara",top_50__tunisia,16,0.761,0.463,140.025
Ghaba,Ghaba,A.L.A,A.L.A,top_50__tunisia,34,0.763,0.813,176.111
RINNEGAN 2,HOOKLESS,Fossa,Fossa,top_50__tunisia,2,0.797,0.533,125.0
HOLD UP,HOLD UP,DvrkBoy,"DvrkBoy, Catcher",top_50__tunisia,4,0.849,0.591,140.046
HOLD UP,HOLD UP,Catcher,"DvrkBoy, Catcher",top_50__tunisia,4,0.849,0.591,140.046
KAMEHAMEHA,HOOKLESS,Fossa,Fossa,top_50__tunisia,2,0.594,0.471,162.093
FUTURE,HOOKLESS,Fossa,Fossa,top_50__tunisia,2,0.816,0.385,141.99
PIEGE,PIEGE,HTB,HTB,top_50__tunisia,2,0.622,0.254,88.49
4000,Yeti (Deluxe),Wingz,"Wingz, Kiev",top_50__tunisia,6,0.744,0.45,158.021
4000,Yeti (Deluxe),Kiev,"Wingz, Kiev",top_50__tunisia,6,0.744,0.45,158.021
That Gud Shit,BOOTCAMP DELUXE,Wingz,"Wingz, Explicite, Pureconic",top_50__tunisia,4,0.633,0.683,160.24
That Gud Shit,BOOTCAMP DELUXE,Explicite,"Wingz, Explicite, Pureconic",top_50__tunisia,4,0.633,0.683,160.24
That Gud Shit,BOOTCAMP DELUXE,Pureconic,"Wingz, Explicite, Pureconic",top_50__tunisia,4,0.633,0.683,160.24
ENCORE,ENCORE,HTB,HTB,top_50__tunisia,3,0.763,0.358,88.03
Semi Auto,Megalodon,Wingz,"Wingz, Kiev",top_50__tunisia,0,0.839,0.473,144.983
Semi Auto,Megalodon,Kiev,"Wingz, Kiev",top_50__tunisia,0,0.839,0.473,144.983
LB/RB,NICE CATCH,Fossa,Fossa,top_50__tunisia,1,0.609,0.258,83.055
EL FOSSO,HOOKLESS,Fossa,Fossa,top_50__tunisia,2,0.706,0.479,90.316
Scale Dont Lie,BOOTCAMP DELUXE,Wingz,"Wingz, Explicite, Pureconic",top_50__tunisia,9,0.96,0.344,123.046
Scale Dont Lie,BOOTCAMP DELUXE,Explicite,"Wingz, Explicite, Pureconic",top_50__tunisia,9,0.96,0.344,123.046
Scale Dont Lie,BOOTCAMP DELUXE,Pureconic,"Wingz, Explicite, Pureconic",top_50__tunisia,9,0.96,0.344,123.046
Snini,Snini,NORDO,NORDO,top_50__tunisia,0,0.539,0.541,187.62
Power Puff Hoe,BOOTCAMP DELUXE,Wingz,"Wingz, Explicite, Donga",top_50__tunisia,4,0.535,0.624,84.601
Power Puff Hoe,BOOTCAMP DELUXE,Explicite,"Wingz, Explicite, Donga",top_50__tunisia,4,0.535,0.624,84.601
Power Puff Hoe,BOOTCAMP DELUXE,Donga,"Wingz, Explicite, Donga",top_50__tunisia,4,0.535,0.624,84.601
PLAYBOI CARTI,HOOKLESS,Fossa,Fossa,top_50__tunisia,2,0.811,0.419,154.923
Akita,PROPAGANDA,Wingz,Wingz,top_50__tunisia,8,0.721,0.67,159.998
SO WHAT,NICE CATCH,Fossa,Fossa,top_50__tunisia,1,0.73,0.423,133.074
KONT NKHAF 3LIK MEN NAAR,KONT NKHAF 3LIK MEN NAAR,Kaso,Kaso,top_50__tunisia,30,0.621,0.291,150.085
Omnitrix - Remastered 2025,BOOTCAMP DELUXE,Wingz,"Wingz, Explicite",top_50__tunisia,6,0.714,0.357,159.066
Omnitrix - Remastered 2025,BOOTCAMP DELUXE,Explicite,"Wingz, Explicite",top_50__tunisia,6,0.714,0.357,159.066
Layam,Layam,Samara,Samara,top_50__tunisia,0,0.828,0.498,93.002
NO MORE,Bounce Back,Fossa,Fossa,top_50__tunisia,1,0.816,0.519,126.032
RINNEGAN,RINNEGAN,Fossa,Fossa,top_50__tunisia,0,0.759,0.494,125.037
Maybe I Love U Maybe IDK - unmastered,Maybe I Love U Maybe IDK (unmastered),7Baby,"7Baby, R2LF5",top_50__tunisia,19,0.492,0.417,115.957
Maybe I Love U Maybe IDK - unmastered,Maybe I Love U Maybe IDK (unmastered),R2LF5,"7Baby, R2LF5",top_50__tunisia,19,0.492,0.417,115.957
11,HOOKLESS,Fossa,Fossa,top_50__tunisia,2,0.728,0.421,160.011
Sigma - Remastered 2025,BOOTCAMP DELUXE,Wingz,"Wingz, Explicite",top_50__tunisia,4,0.572,0.72,67.21
Sigma - Remastered 2025,BOOTCAMP DELUXE,Explicite,"Wingz, Explicite",top_50__tunisia,4,0.572,0.72,67.21
Ma Tebki Ya Ain,Ma Tebki Ya Ain,JenJoon,"JenJoon, Myne",top_50__tunisia,18,0.668,0.423,147.946
Ma Tebki Ya Ain,Ma Tebki Ya Ain,Myne,"JenJoon, Myne",top_50__tunisia,18,0.668,0.423,147.946
Sada9tha,Sada9tha,Kaso,Kaso,top_50__tunisia,44,0.794,0.479,92.01
BAYNA,Sensazione ultra,Ghali,Ghali,top_50__tunisia,47,0.536,0.331,149.743
DAY ONE ONE DAY,HOOKLESS,Fossa,Fossa,top_50__tunisia,2,0.771,0.623,165.745
Pakistan - Remastered 2025,BOOTCAMP DELUXE,Wingz,"Wingz, Explicite",top_50__tunisia,5,0.594,0.748,140.03
Pakistan - Remastered 2025,BOOTCAMP DELUXE,Explicite,"Wingz, Explicite",top_50__tunisia,5,0.594,0.748,140.03
Bars,Yeti (Deluxe),Wingz,"Wingz, 20fyee",top_50__tunisia,3,0.469,0.546,79.148
Bars,Yeti (Deluxe),20fyee,"Wingz, 20fyee",top_50__tunisia,3,0.469,0.546,79.148
Seaways,Yeti (Deluxe),Wingz,"Wingz, Tripdoors",top_50__tunisia,4,0.718,0.598,139.942
Seaways,Yeti (Deluxe),Tripdoors,"Wingz, Tripdoors",top_50__tunisia,4,0.718,0.598,139.942
No Break,Yeti (Deluxe),Wingz,"Wingz, Catcher",top_50__tunisia,7,0.815,0.398,123.962
No Break,Yeti (Deluxe),Catcher,"Wingz, Catcher",top_50__tunisia,7,0.815,0.398,123.962
ELVIS,HOOKLESS,Fossa,Fossa,top_50__tunisia,2,0.771,0.485,76.023
4 AM,BOOTCAMP DELUXE,Wingz,"Wingz, Explicite, noise",top_50__tunisia,5,0.646,0.457,147.318
4 AM,BOOTCAMP DELUXE,Explicite,"Wingz, Explicite, noise",top_50__tunisia,5,0.646,0.457,147.318
4 AM,BOOTCAMP DELUXE,noise,"Wingz, Explicite, noise",top_50__tunisia,5,0.646,0.457,147.318
3inik El Souda,3inik El Souda,7Baby,"7Baby, Lakrush",top_50__tunisia,20,0.496,0.335,125.458
3inik El Souda,3inik El Souda,Lakrush,"7Baby, Lakrush",top_50__tunisia,20,0.496,0.335,125.458
No Chill - Remastered 2025,BOOTCAMP DELUXE,Wingz,"Wingz, Explicite",top_50__tunisia,5,0.673,0.749,77.577
No Chill - Remastered 2025,BOOTCAMP DELUXE,Explicite,"Wingz, Explicite",top_50__tunisia,5,0.673,0.749,77.577
Streams,Streams,Noor Arjoun,"Noor Arjoun, Selim Arjoun, Dhalma",top_50__tunisia,37,0.723,0.604,122.015
Streams,Streams,Selim Arjoun,"Noor Arjoun, Selim Arjoun, Dhalma",top_50__tunisia,37,0.723,0.604,122.015
Streams,Streams,Dhalma,"Noor Arjoun, Selim Arjoun, Dhalma",top_50__tunisia,37,0.723,0.604,122.015
Tehran Freestyle,BOOTCAMP DELUXE,Wingz,"Wingz, Explicite, Donga",top_50__tunisia,9,0.652,0.544,160.009
Tehran Freestyle,BOOTCAMP DELUXE,Explicite,"Wingz, Explicite, Donga",top_50__tunisia,9,0.652,0.544,160.009
Tehran Freestyle,BOOTCAMP DELUXE,Donga,"Wingz, Explicite, Donga",top_50__tunisia,9,0.652,0.544,160.009
Ena Wayek,Ena Wayek,NORDO,NORDO,top_50__tunisia,0,0.676,0.698,149.912
Atomic Clock,BOOTCAMP DELUXE,Wingz,"Wingz, Explicite, Donga",top_50__tunisia,6,0.54,0.548,158.397
Atomic Clock,BOOTCAMP DELUXE,Explicite,"Wingz, Explicite, Donga",top_50__tunisia,6,0.54,0.548,158.397
Atomic Clock,BOOTCAMP DELUXE,Donga,"Wingz, Explicite, Donga",top_50__tunisia,6,0.54,0.548,158.397
Raby Yostor,Raby Yostor,Sanfara,Sanfara,top_50__tunisia,0,0.828,0.683,155.992
AK-47 Freestyle 2.0,Yeti (Deluxe),Wingz,"Wingz, 20fyee",top_50__tunisia,5,0.641,0.374,147.43
AK-47 Freestyle 2.0,Yeti (Deluxe),20fyee,"Wingz, 20fyee",top_50__tunisia,5,0.641,0.374,147.43
MAT3RECH,6IX 8UIT,MARROUKI,"MARROUKI, Fossa, L2",top_50__tunisia,5,0.86,0.683,120.072
MAT3RECH,6IX 8UIT,Fossa,"MARROUKI, Fossa, L2",top_50__tunisia,5,0.86,0.683,120.072
MAT3RECH,6IX 8UIT,L2,"MARROUKI, Fossa, L2",top_50__tunisia,5,0.86,0.683,120.072
Ya Aazem Douar,Ya Aazem Douar,Cheb Bachir,Cheb Bachir,top_50__tunisia,0,0.417,0.498,119.995
9K32,9K32,XIIVI,XIIVI,top_50__tunisia,0,0.867,0.329,134.014
Vice City - Remastered 2025,BOOTCAMP DELUXE,Wingz,"Wingz, Explicite",top_50__tunisia,4,0.414,0.806,102.361
Vice City - Remastered 2025,BOOTCAMP DELUXE,Explicite,"Wingz, Explicite",top_50__tunisia,4,0.414,0.806,102.361
Saber,Saber,Balti,Balti,top_50__tunisia,0,0.703,0.585,85.006
M3ANDI,M3ANDI,M.A,"M.A, OhSlim, L2",top_50__tunisia,2,0.712,0.443,133.884
M3ANDI,M3ANDI,OhSlim,"M.A, OhSlim, L2",top_50__tunisia,2,0.712,0.443,133.884
M3ANDI,M3ANDI,L2,"M.A, OhSlim, L2",top_50__tunisia,2,0.712,0.443,133.884
9adech Men Mara,M9ass Ennar,Stou,Stou,top_50__tunisia,38,0.818,0.525,119.043
BVB,I3ARA,HTB,HTB,top_50__tunisia,0,0.84,0.409,155.969
Trafiquant,Trafiquant,Samara,Samara,top_50__tunisia,0,0.616,0.54,113.329
WARDA,GOLDEN GOD,Pas Comme Eux,"Pas Comme Eux, $MXTI, WECIM",top_50__tunisia,0,0.446,0.542,129.841
WARDA,GOLDEN GOD,$MXTI,"Pas Comme Eux, $MXTI, WECIM",top_50__tunisia,0,0.446,0.542,129.841
WARDA,GOLDEN GOD,WECIM,"Pas Comme Eux, $MXTI, WECIM",top_50__tunisia,0,0.446,0.542,129.841
Dinero - Remastered 2025,BOOTCAMP DELUXE,Wingz,"Wingz, Explicite",top_50__tunisia,4,0.714,0.54,138.024
Dinero - Remastered 2025,BOOTCAMP DELUXE,Explicite,"Wingz, Explicite",top_50__tunisia,4,0.714,0.54,138.024
Ya Ghayeb,Ya Ghayeb,Sanfara,Sanfara,top_50__tunisia,0,0.792,0.622,109.035
Noss Ellil,Noss Ellil,A.L.A,A.L.A,top_50__tunisia,0,0.722,0.505,141.93
True Story Wlh,GOOD KID TOXIC CITY.,XIIVI,XIIVI,top_50__tunisia,0,0.525,0.614,85.575
Msamhin,Msamhin,Mortadha Ftiti,Mortadha Ftiti,top_50__tunisia,31,0.469,0.515,98.818
Keema Ena,Keema Ena,NORDO,NORDO,top_50__tunisia,0,0.692,0.498,98.941
Manetfergou,Manetfergou,JenJoon,JenJoon,top_50__tunisia,2,0.726,0.409,140.153
FAMAS,6IX 8UIT,MARROUKI,"MARROUKI, OhSlim, L2",top_50__tunisia,1,0.682,0.733,155.962
FAMAS,6IX 8UIT,OhSlim,"MARROUKI, OhSlim, L2",top_50__tunisia,1,0.682,0.733,155.962
FAMAS,6IX 8UIT,L2,"MARROUKI, OhSlim, L2",top_50__tunisia,1,0.682,0.733,155.962
Dima Mechi,Dima Mechi (ديما ماشي),Balti,Balti,top_50__tunisia,0,0.816,0.675,91.977
Omri T3ada,Omri T3ada,NumbXiller,NumbXiller,top_50__tunisia,42,0.841,0.487,99.993
Makhsernech - مخسرناش,Makhsernech (مخسرناش),Blingos,Blingos,top_50__tunisia,0,0.533,0.583,89.92
A7lemi Tayra,A7lemi Tayra,D-Boy,D-Boy,top_50__tunisia,0,0.751,0.603,169.969
Khousara,Khousara,Mouka,Mouka,top_50__tunisia,27,0.697,0.464,140.057
Sahara - سهّارة,Sahara (سهّارة),Tati G13,Tati G13,top_50__tunisia,0,0.485,0.694,90.95
Baba,Baba,Mortadha Ftiti,Mortadha Ftiti,top_50__tunisia,34,0.704,0.648,147.927
Rmit Wraya,Rmit Wraya,Kaso,Kaso,top_50__tunisia,34,0.81,0.522,96.046
Alone,Alone,Sanfara,"Sanfara, Ily",top_50__tunisia,0,0.85,0.534,104.002
Alone,Alone,Ily,"Sanfara, Ily",top_50__tunisia,0,0.85,0.534,104.002
Va Bene,Va Bene,Yousfi,Yousfi,top_50__tunisia,12,0.781,0.622,115.045
Tutto Passa,Tutto Passa,Young Rz,Young Rz,top_50__tunisia,0,0.624,0.533,99.942
Yamma,Yamma,Kaso,Kaso,top_50__tunisia,28,0.715,0.674,106.948
2000 Ktab,2000 Ktab,Mortadha Ftiti,Mortadha Ftiti,top_50__tunisia,38,0.606,0.619,80.149
في ظلام الليل,في ظلام الليل,Artmasta,"Artmasta, Aymen Lessigue",top_50__tunisia,0,0.726,0.456,93.999
في ظلام الليل,في ظلام الليل,Aymen Lessigue,"Artmasta, Aymen Lessigue",top_50__tunisia,0,0.726,0.456,93.999
Binetna Layem,Binetna Layem,D-Boy,D-Boy,top_50__tunisia,0,0.623,0.742,89.7
Netmanelk Kol El Khiir,Netmanelk Kol El Khiir,Stou,Stou,top_50__tunisia,0,0.714,0.444,72.675
29 DECEMBER,29 DECEMBER,7Baby,"7Baby, 4lfa, Catcher",top_50__tunisia,14,0.6,0.45,94.827
29 DECEMBER,29 DECEMBER,4lfa,"7Baby, 4lfa, Catcher",top_50__tunisia,14,0.6,0.45,94.827
29 DECEMBER,29 DECEMBER,Catcher,"7Baby, 4lfa, Catcher",top_50__tunisia,14,0.6,0.45,94.827
TRIP,DOPAMINE,7Baby,"7Baby, Catcher",top_50__tunisia,15,0.804,0.753,139.889
TRIP,DOPAMINE,Catcher,"7Baby, Catcher",top_50__tunisia,15,0.804,0.753,139.889
AIRMAX,AIRMAX,DACHI,"DACHI, DvrkBoy, Catcher",top_50__tunisia,21,0.976,0.43,119.997
AIRMAX,AIRMAX,DvrkBoy,"DACHI, DvrkBoy, Catcher",top_50__tunisia,21,0.976,0.43,119.997
AIRMAX,AIRMAX,Catcher,"DACHI, DvrkBoy, Catcher",top_50__tunisia,21,0.976,0.43,119.997
Due Tiri,MOSHPITTAPE VOL 1,666GNG,"666GNG, underrateDAN, Wingz",top_50__tunisia,2,0.677,0.757,94.987
Due Tiri,MOSHPITTAPE VOL 1,underrateDAN,"666GNG, underrateDAN, Wingz",top_50__tunisia,2,0.677,0.757,94.987
Due Tiri,MOSHPITTAPE VOL 1,Wingz,"666GNG, underrateDAN, Wingz",top_50__tunisia,2,0.677,0.757,94.987
New Level,MOSHPITTAPE VOL 1,666GNG,"666GNG, underrateDAN, Wingz, Bloody",top_50__tunisia,2,0.317,0.644,77.452
New Level,MOSHPITTAPE VOL 1,underrateDAN,"666GNG, underrateDAN, Wingz, Bloody",top_50__tunisia,2,0.317,0.644,77.452
New Level,MOSHPITTAPE VOL 1,Wingz,"666GNG, underrateDAN, Wingz, Bloody",top_50__tunisia,2,0.317,0.644,77.452
New Level,MOSHPITTAPE VOL 1,Bloody,"666GNG, underrateDAN, Wingz, Bloody",top_50__tunisia,2,0.317,0.644,77.452
Maradona,Maradona,Bloody,Bloody,top_50__tunisia,0,0.661,0.661,125.99
Z1000,Z1000,DACHI,DACHI,top_50__tunisia,3,0.587,0.721,106.515
MJARMA,CRIMINALZ,BAD KA$H,"BAD KA$H, Catcher, DvrkBoy, DACHI",top_50__tunisia,6,0.805,0.444,113.009
MJARMA,CRIMINALZ,Catcher,"BAD KA$H, Catcher, DvrkBoy, DACHI",top_50__tunisia,6,0.805,0.444,113.009
MJARMA,CRIMINALZ,DvrkBoy,"BAD KA$H, Catcher, DvrkBoy, DACHI",top_50__tunisia,6,0.805,0.444,113.009
MJARMA,CRIMINALZ,DACHI,"BAD KA$H, Catcher, DvrkBoy, DACHI",top_50__tunisia,6,0.805,0.444,113.009
Streets of Africa (Freestyle),Streets of Africa (Freestyle),DvrkBoy,"DvrkBoy, DACHI, BAD KA$H, GOUCHI, 7Baby",top_50__tunisia,7,0.649,0.718,125.333
Streets of Africa (Freestyle),Streets of Africa (Freestyle),DACHI,"DvrkBoy, DACHI, BAD KA$H, GOUCHI, 7Baby",top_50__tunisia,7,0.649,0.718,125.333
Streets of Africa (Freestyle),Streets of Africa (Freestyle),BAD KA$H,"DvrkBoy, DACHI, BAD KA$H, GOUCHI, 7Baby",top_50__tunisia,7,0.649,0.718,125.333
Streets of Africa (Freestyle),Streets of Africa (Freestyle),GOUCHI,"DvrkBoy, DACHI, BAD KA$H, GOUCHI, 7Baby",top_50__tunisia,7,0.649,0.718,125.333
Streets of Africa (Freestyle),Streets of Africa (Freestyle),7Baby,"DvrkBoy, DACHI, BAD KA$H, GOUCHI, 7Baby",top_50__tunisia,7,0.649,0.718,125.333
Chikha Fel Classet,It's hard to break a habit,Catcher,"Catcher, DACHI, El Ayo",top_50__tunisia,10,0.747,0.527,76.961
Chikha Fel Classet,It's hard to break a habit,DACHI,"Catcher, DACHI, El Ayo",top_50__tunisia,10,0.747,0.527,76.961
Chikha Fel Classet,It's hard to break a habit,El Ayo,"Catcher, DACHI, El Ayo",top_50__tunisia,10,0.747,0.527,76.961
Irikia,It's hard to break a habit,Catcher,"Catcher, DACHI, Shvdy, 7Baby, DvrkBoy",top_50__tunisia,19,0.781,0.64,155.069
Irikia,It's hard to break a habit,DACHI,"Catcher, DACHI, Shvdy, 7Baby, DvrkBoy",top_50__tunisia,19,0.781,0.64,155.069
Irikia,It's hard to break a habit,Shvdy,"Catcher, DACHI, Shvdy, 7Baby, DvrkBoy",top_50__tunisia,19,0.781,0.64,155.069
Irikia,It's hard to break a habit,7Baby,"Catcher, DACHI, Shvdy, 7Baby, DvrkBoy",top_50__tunisia,19,0.781,0.64,155.069
Irikia,It's hard to break a habit,DvrkBoy,"Catcher, DACHI, Shvdy, 7Baby, DvrkBoy",top_50__tunisia,19,0.781,0.64,155.069
FAMA FLOU$,GOLDEN GOD,Pas Comme Eux,"Pas Comme Eux, $MXTI, Fossa, XIIVI, DvrkBoy",top_50__tunisia,18,0.716,0.496,134.116
FAMA FLOU$,GOLDEN GOD,$MXTI,"Pas Comme Eux, $MXTI, Fossa, XIIVI, DvrkBoy",top_50__tunisia,18,0.716,0.496,134.116
FAMA FLOU$,GOLDEN GOD,Fossa,"Pas Comme Eux, $MXTI, Fossa, XIIVI, DvrkBoy",top_50__tunisia,18,0.716,0.496,134.116
FAMA FLOU$,GOLDEN GOD,XIIVI,"Pas Comme Eux, $MXTI, Fossa, XIIVI, DvrkBoy",top_50__tunisia,18,0.716,0.496,134.116
FAMA FLOU$,GOLDEN GOD,DvrkBoy,"Pas Comme Eux, $MXTI, Fossa, XIIVI, DvrkBoy",top_50__tunisia,18,0.716,0.496,134.116
1221,1221,Fossa,Fossa,top_50__tunisia,1,0.367,0.69,155.058
PASVRAI,HIDEOUT,FIN,"FIN, Fossa",top_50__tunisia,6,0.587,0.444,150.07
PASVRAI,HIDEOUT,Fossa,"FIN, Fossa",top_50__tunisia,6,0.587,0.444,150.07
Hamida Djandoubi,Mieux sans toi,Omara,"Omara, Fossa, 20fyee",top_50__tunisia,12,0.554,0.503,139.993
Hamida Djandoubi,Mieux sans toi,Fossa,"Omara, Fossa, 20fyee",top_50__tunisia,12,0.554,0.503,139.993
Hamida Djandoubi,Mieux sans toi,20fyee,"Omara, Fossa, 20fyee",top_50__tunisia,12,0.554,0.503,139.993
Smooth & Clean,ALMOST FAMOUS,Pas Comme Eux,"Pas Comme Eux, XIIVI, Fossa",top_50__tunisia,19,0.56,0.459,76.985
Smooth & Clean,ALMOST FAMOUS,XIIVI,"Pas Comme Eux, XIIVI, Fossa",top_50__tunisia,19,0.56,0.459,76.985
Smooth & Clean,ALMOST FAMOUS,Fossa,"Pas Comme Eux, XIIVI, Fossa",top_50__tunisia,19,0.56,0.459,76.985
ABC,ABC,Fossa,Fossa,top_50__tunisia,5,0.742,0.511,102.001
105,105,HTB,"HTB, OXYJHIN",top_50__tunisia,5,0.89,0.37,89.993
105,105,OXYJHIN,"HTB, OXYJHIN",top_50__tunisia,5,0.89,0.37,89.993
ADRENALINE,ADRENALINE,OXYJHIN,"OXYJHIN, HTB",top_50__tunisia,3,0.626,0.173,84.96
ADRENALINE,ADRENALINE,HTB,"OXYJHIN, HTB",top_50__tunisia,3,0.626,0.173,84.96
BVB,BVB,HTB,HTB,top_50__tunisia,6,0.84,0.409,155.969
Lwa3d,Silent Success,Kiev,"Kiev, HTB",top_50__tunisia,6,0.703,0.399,109.956
Lwa3d,Silent Success,HTB,"Kiev, HTB",top_50__tunisia,6,0.703,0.399,109.956
WARAREY,WARAREY,HTB,"HTB, MARROUKI",top_50__tunisia,3,0.738,0.792,141.982
WARAREY,WARAREY,MARROUKI,"HTB, MARROUKI",top_50__tunisia,3,0.738,0.792,141.982
RIQUELME,RIQUELME,Fossa,Fossa,top_50__tunisia,3,0.673,0.75,82.148
The World Is Yours (Interlude),PLUG LIFE,Wingz,Wingz,top_50__tunisia,11,0.689,0.421,85.184
No New Friends,PLUG LIFE,Wingz,Wingz,top_50__tunisia,20,0.663,0.437,150.026
Loyalty Over Love,PLUG LIFE,Wingz,Wingz,top_50__tunisia,16,0.617,0.593,77.522
Unplug Freestyle,PLUG LIFE,Wingz,Wingz,top_50__tunisia,14,0.761,0.656,82.489
No Days Off,PLUG LIFE,Wingz,Wingz,top_50__tunisia,19,0.662,0.694,141.428
Burning Bridges,PLUG LIFE,Wingz,Wingz,top_50__tunisia,15,0.601,0.609,77.813
ASSASSIN,ASSASSIN,M.A,"M.A, OhSlim, prodby444",top_50__tunisia,0,0.487,0.388,96.688
ASSASSIN,ASSASSIN,OhSlim,"M.A, OhSlim, prodby444",top_50__tunisia,0,0.487,0.388,96.688
ASSASSIN,ASSASSIN,prodby444,"M.A, OhSlim, prodby444",top_50__tunisia,0,0.487,0.388,96.688
Taw Netsaref,TRAPLIFE,A.L.A,A.L.A,tounsi,32,0.727,0.531,145.892
Talifoun (outro),TRAPLIFE,A.L.A,A.L.A,tounsi,32,0.788,0.667,115.952
Freestyle,Freestyle,El Castro,El Castro,tounsi,0,0.794,0.388,120.029
Tesla,Trippy Boyz,Trippy Boyz,Trippy Boyz,tounsi,0,0.679,0.601,150.126
Angels,Trippy Boyz,Trippy Boyz,Trippy Boyz,tounsi,0,0.67,0.604,150.106
Day and Night,Trippy Boyz,Trippy Boyz,Trippy Boyz,tounsi,0,0.71,0.483,116.95
Too Much,Trippy Boyz,Trippy Boyz,Trippy Boyz,tounsi,0,0.819,0.358,116.993
Mouch Menni,Mes racines,Sabry Mosbah,Sabry Mosbah,tounsi,25,0.74,0.48,104.921
Mansit,Mes racines,Sabry Mosbah,Sabry Mosbah,tounsi,34,0.568,0.484,83.829
Loumou Loumou,Ambiance mariage tunisien (Mix Non Stop),Brahim Biskri,Brahim Biskri,tounsi,28,0.652,0.964,103.997
Tbark Allah Ya Hawat,Rbouk El Houma,Hedi Donia,Hedi Donia,tounsi,21,0.537,0.842,105.534
Thamlaton,Ensen,Emel,Emel,tounsi,0,0.647,0.398,100.045
Instant,Ensen,Emel,Emel,tounsi,0,0.468,0.201,127.998
Hitory X,New Bitch Mixtape,El Castro,El Castro,tounsi,31,0.726,0.504,92.132
M3a9ed,New Bitch Mixtape,El Castro,El Castro,tounsi,27,0.824,0.607,93.971
Fire,Fire,Linko,"Linko, Lil' K",tounsi,3,0.828,0.736,76.519
Fire,Fire,Lil' K,"Linko, Lil' K",tounsi,3,0.828,0.736,76.519
5amsa li la7gou bil jorra ( with Vipa & Tiga Blackna),5amsa li la7gou bil jorra ( with Vipa & Tiga Blackna),Erkez Hiphop,Erkez Hiphop,tounsi,24,0.535,0.651,199.572
JUNGLE,METRO EL RAP FM (Deluxe),SAFFWIZZ,"SAFFWIZZ, Icxn",tuna_hip_hop,16,0.656,0.854,159.963
JUNGLE,METRO EL RAP FM (Deluxe),Icxn,"SAFFWIZZ, Icxn",tuna_hip_hop,16,0.656,0.854,159.963
TKALLEM - Remix,METRO EL RAP FM (Deluxe),SAFFWIZZ,"SAFFWIZZ, Trax, Tchiggy, Stxev Abdiov",tuna_hip_hop,11,0.633,0.821,173.954
TKALLEM - Remix,METRO EL RAP FM (Deluxe),Trax,"SAFFWIZZ, Trax, Tchiggy, Stxev Abdiov",tuna_hip_hop,11,0.633,0.821,173.954
TKALLEM - Remix,METRO EL RAP FM (Deluxe),Tchiggy,"SAFFWIZZ, Trax, Tchiggy, Stxev Abdiov",tuna_hip_hop,11,0.633,0.821,173.954
TKALLEM - Remix,METRO EL RAP FM (Deluxe),Stxev Abdiov,"SAFFWIZZ, Trax, Tchiggy, Stxev Abdiov",tuna_hip_hop,11,0.633,0.821,173.954
French Bitch 2,INFAMOUS,Wingz,"Wingz, XIIVI, BAXV",tuna_hip_hop,0,0.701,0.622,150.051
French Bitch 2,INFAMOUS,XIIVI,"Wingz, XIIVI, BAXV",tuna_hip_hop,0,0.701,0.622,150.051
French Bitch 2,INFAMOUS,BAXV,"Wingz, XIIVI, BAXV",tuna_hip_hop,0,0.701,0.622,150.051
Kids Do Drugs,Odyssey (Odd To See),BAXV,BAXV,tuna_hip_hop,4,0.795,0.506,125.044
She Can Curry,VISION,Wingz,Wingz,tuna_hip_hop,0,0.904,0.775,102.027
CARRETERA,GOLDEN GOD,Pas Comme Eux,"Pas Comme Eux, $MXTI, FIJO",tuna_hip_hop,0,0.754,0.661,137.96
CARRETERA,GOLDEN GOD,$MXTI,"Pas Comme Eux, $MXTI, FIJO",tuna_hip_hop,0,0.754,0.661,137.96
CARRETERA,GOLDEN GOD,FIJO,"Pas Comme Eux, $MXTI, FIJO",tuna_hip_hop,0,0.754,0.661,137.96
BOUGE PAS,GOLDEN GOD,Pas Comme Eux,"Pas Comme Eux, $MXTI, Fossa, RARE",tuna_hip_hop,0,0.901,0.724,132.015
BOUGE PAS,GOLDEN GOD,$MXTI,"Pas Comme Eux, $MXTI, Fossa, RARE",tuna_hip_hop,0,0.901,0.724,132.015
BOUGE PAS,GOLDEN GOD,Fossa,"Pas Comme Eux, $MXTI, Fossa, RARE",tuna_hip_hop,0,0.901,0.724,132.015
BOUGE PAS,GOLDEN GOD,RARE,"Pas Comme Eux, $MXTI, Fossa, RARE",tuna_hip_hop,0,0.901,0.724,132.015
WOW2,BASTA.,ZDEFF,ZDEFF,tuna_hip_hop,15,0.805,0.606,112.265
MAJHOODIE,METRO EL RAP FM (Deluxe),SAFFWIZZ,"SAFFWIZZ, 4lfa, GAL3Y",tuna_hip_hop,20,0.659,0.692,83.08
MAJHOODIE,METRO EL RAP FM (Deluxe),4lfa,"SAFFWIZZ, 4lfa, GAL3Y",tuna_hip_hop,20,0.659,0.692,83.08
MAJHOODIE,METRO EL RAP FM (Deluxe),GAL3Y,"SAFFWIZZ, 4lfa, GAL3Y",tuna_hip_hop,20,0.659,0.692,83.08
El Wed,EASTCOASTSTORY: lifestyles,COSMIC,COSMIC,tuna_hip_hop,26,0.635,0.667,140.109
LEVEL UP - $MXTI Remix,The Kid X,XIIVI,"XIIVI, $MXTI",tuna_hip_hop,0,0.795,0.785,148.071
LEVEL UP - $MXTI Remix,The Kid X,$MXTI,"XIIVI, $MXTI",tuna_hip_hop,0,0.795,0.785,148.071
12:06 AM,GOLDEN GOD,Pas Comme Eux,"Pas Comme Eux, $MXTI, XIIVI",tuna_hip_hop,2,0.625,0.534,134.989
12:06 AM,GOLDEN GOD,$MXTI,"Pas Comme Eux, $MXTI, XIIVI",tuna_hip_hop,2,0.625,0.534,134.989
12:06 AM,GOLDEN GOD,XIIVI,"Pas Comme Eux, $MXTI, XIIVI",tuna_hip_hop,2,0.625,0.534,134.989
SEKKA ZIT,METRO EL RAP FM (Deluxe),SAFFWIZZ,"SAFFWIZZ, Vipa, BigSeno",tuna_hip_hop,25,0.417,0.825,169.727
SEKKA ZIT,METRO EL RAP FM (Deluxe),Vipa,"SAFFWIZZ, Vipa, BigSeno",tuna_hip_hop,25,0.417,0.825,169.727
SEKKA ZIT,METRO EL RAP FM (Deluxe),BigSeno,"SAFFWIZZ, Vipa, BigSeno",tuna_hip_hop,25,0.417,0.825,169.727
RATL,METRO EL RAP FM (Deluxe),SAFFWIZZ,"SAFFWIZZ, Namiro, BL made it",tuna_hip_hop,7,0.669,0.704,109.131
RATL,METRO EL RAP FM (Deluxe),Namiro,"SAFFWIZZ, Namiro, BL made it",tuna_hip_hop,7,0.669,0.704,109.131
RATL,METRO EL RAP FM (Deluxe),BL made it,"SAFFWIZZ, Namiro, BL made it",tuna_hip_hop,7,0.669,0.704,109.131
JD Saved My Life Too,No Doubt,Feddini,"Feddini, Ktyb",tuna_hip_hop,17,0.764,0.385,92.299
JD Saved My Life Too,No Doubt,Ktyb,"Feddini, Ktyb",tuna_hip_hop,17,0.764,0.385,92.299
DETACH,FUCK THE KID .. AND THE CITY,XIIVI,XIIVI,tuna_hip_hop,0,0.934,0.529,114.925
M7albinlek,Adheka Libik,Vipa,Vipa,tuna_hip_hop,14,0.439,0.466,88.04
Like u get t from my hoes,DEBO Maya3rfouch [00 Mixtape],Katybon,Katybon,tuna_hip_hop,13,0.799,0.454,80.911
Interlude (Ola),DEBO Maya3rfouch [00 Mixtape],Katybon,Katybon,tuna_hip_hop,22,0.512,0.75,180.653
Tahki berasmi !!,Tahki berasmi !!,Stou,Stou,tuna_hip_hop,19,0.929,0.379,129.984
True Story Wlh 2,WHO'S KID ! WHAT CITY !,XIIVI,XIIVI,tuna_hip_hop,0,0.618,0.662,150.225
Astronaute,Astronaute,Ta9chira,"Ta9chira, 4lfa",tuna_hip_hop,20,0.835,0.656,109.94
Astronaute,Astronaute,4lfa,"Ta9chira, 4lfa",tuna_hip_hop,20,0.835,0.656,109.94
Ka3ba lé,Adheka Libik,Vipa,Vipa,tuna_hip_hop,6,0.865,0.612,124.019
H0B0,APEX,Wingz,"Wingz, XIIVI",tuna_hip_hop,0,0.747,0.636,180.121
H0B0,APEX,XIIVI,"Wingz, XIIVI",tuna_hip_hop,0,0.747,0.636,180.121
وديع السريع,مم.. ماكلة؟,Omara,"Omara, 1da-Toul, Matsuda",tuna_hip_hop,8,0.591,0.719,83.524
وديع السريع,مم.. ماكلة؟,1da-Toul,"Omara, 1da-Toul, Matsuda",tuna_hip_hop,8,0.591,0.719,83.524
وديع السريع,مم.. ماكلة؟,Matsuda,"Omara, 1da-Toul, Matsuda",tuna_hip_hop,8,0.591,0.719,83.524
Wanna Suicide,On My Way,SAFFWIZZ,"SAFFWIZZ, Fresh",tuna_hip_hop,5,0.66,0.448,80.003
Wanna Suicide,On My Way,Fresh,"SAFFWIZZ, Fresh",tuna_hip_hop,5,0.66,0.448,80.003
Waves (outro),Waves,SAFFWIZZ,"SAFFWIZZ, BAYA",tuna_hip_hop,18,0.392,0.53,74.831
Waves (outro),Waves,BAYA,"SAFFWIZZ, BAYA",tuna_hip_hop,18,0.392,0.53,74.831
METRO EL RAÏ (terminus),METRO EL RAP FM (Deluxe),SAFFWIZZ,"SAFFWIZZ, Ratchopper",tuna_hip_hop,14,0.662,0.837,91.99
METRO EL RAÏ (terminus),METRO EL RAP FM (Deluxe),Ratchopper,"SAFFWIZZ, Ratchopper",tuna_hip_hop,14,0.662,0.837,91.99
FAMA FLOU$,FAMA FLOU$,Pas Comme Eux,"Pas Comme Eux, $MXTI, DvrkBoy, Fossa, XIIVI",tuna_hip_hop,0,0.707,0.488,134.052
FAMA FLOU$,FAMA FLOU$,$MXTI,"Pas Comme Eux, $MXTI, DvrkBoy, Fossa, XIIVI",tuna_hip_hop,0,0.707,0.488,134.052
FAMA FLOU$,FAMA FLOU$,DvrkBoy,"Pas Comme Eux, $MXTI, DvrkBoy, Fossa, XIIVI",tuna_hip_hop,0,0.707,0.488,134.052
FAMA FLOU$,FAMA FLOU$,Fossa,"Pas Comme Eux, $MXTI, DvrkBoy, Fossa, XIIVI",tuna_hip_hop,0,0.707,0.488,134.052
FAMA FLOU$,FAMA FLOU$,XIIVI,"Pas Comme Eux, $MXTI, DvrkBoy, Fossa, XIIVI",tuna_hip_hop,0,0.707,0.488,134.052
EVERYTHING IS A COPY OF A COPY OF A COPY (INTERLUDE),GOLDEN GOD,Pas Comme Eux,"Pas Comme Eux, $MXTI",tuna_hip_hop,0,0.548,0.213,87.529
EVERYTHING IS A COPY OF A COPY OF A COPY (INTERLUDE),GOLDEN GOD,$MXTI,"Pas Comme Eux, $MXTI",tuna_hip_hop,0,0.548,0.213,87.529
TAAREFNI,GOLDEN GOD,Pas Comme Eux,"Pas Comme Eux, $MXTI, BAD KA$H",tuna_hip_hop,0,0.736,0.535,125.115
TAAREFNI,GOLDEN GOD,$MXTI,"Pas Comme Eux, $MXTI, BAD KA$H",tuna_hip_hop,0,0.736,0.535,125.115
TAAREFNI,GOLDEN GOD,BAD KA$H,"Pas Comme Eux, $MXTI, BAD KA$H",tuna_hip_hop,0,0.736,0.535,125.115
GERSHOM - Freestyle,مم.. ماكلة؟,Omara,"Omara, 1da-Toul, Icxn",tuna_hip_hop,4,0.65,0.715,80.102
GERSHOM - Freestyle,مم.. ماكلة؟,1da-Toul,"Omara, 1da-Toul, Icxn",tuna_hip_hop,4,0.65,0.715,80.102
GERSHOM - Freestyle,مم.. ماكلة؟,Icxn,"Omara, 1da-Toul, Icxn",tuna_hip_hop,4,0.65,0.715,80.102
Forza Max (Interlude),مم.. ماكلة؟,Omara,"Omara, 1da-Toul",tuna_hip_hop,4,0.865,0.696,118.884
Forza Max (Interlude),مم.. ماكلة؟,1da-Toul,"Omara, 1da-Toul",tuna_hip_hop,4,0.865,0.696,118.884
CHAGATO,CHAGATO,Methlab,"Methlab, dopeman, Omara, DAMAXGE, NAD, L2",tuna_hip_hop,2,0.829,0.677,100.015
CHAGATO,CHAGATO,dopeman,"Methlab, dopeman, Omara, DAMAXGE, NAD, L2",tuna_hip_hop,2,0.829,0.677,100.015
CHAGATO,CHAGATO,Omara,"Methlab, dopeman, Omara, DAMAXGE, NAD, L2",tuna_hip_hop,2,0.829,0.677,100.015
CHAGATO,CHAGATO,DAMAXGE,"Methlab, dopeman, Omara, DAMAXGE, NAD, L2",tuna_hip_hop,2,0.829,0.677,100.015
CHAGATO,CHAGATO,NAD,"Methlab, dopeman, Omara, DAMAXGE, NAD, L2",tuna_hip_hop,2,0.829,0.677,100.015
CHAGATO,CHAGATO,L2,"Methlab, dopeman, Omara, DAMAXGE, NAD, L2",tuna_hip_hop,2,0.829,0.677,100.015
MERGUEZ BHEYM,مم.. ماكلة؟,Omara,"Omara, 1da-Toul, Namiro, RamsJamsss",tuna_hip_hop,4,0.449,0.694,78.74
MERGUEZ BHEYM,مم.. ماكلة؟,1da-Toul,"Omara, 1da-Toul, Namiro, RamsJamsss",tuna_hip_hop,4,0.449,0.694,78.74
MERGUEZ BHEYM,مم.. ماكلة؟,Namiro,"Omara, 1da-Toul, Namiro, RamsJamsss",tuna_hip_hop,4,0.449,0.694,78.74
MERGUEZ BHEYM,مم.. ماكلة؟,RamsJamsss,"Omara, 1da-Toul, Namiro, RamsJamsss",tuna_hip_hop,4,0.449,0.694,78.74
تكلاشي فيا نا,مم.. ماكلة؟,Omara,"Omara, DEJ, 1da-Toul, Eccentic",tuna_hip_hop,5,0.716,0.677,142.986
تكلاشي فيا نا,مم.. ماكلة؟,DEJ,"Omara, DEJ, 1da-Toul, Eccentic",tuna_hip_hop,5,0.716,0.677,142.986
تكلاشي فيا نا,مم.. ماكلة؟,1da-Toul,"Omara, DEJ, 1da-Toul, Eccentic",tuna_hip_hop,5,0.716,0.677,142.986
تكلاشي فيا نا,مم.. ماكلة؟,Eccentic,"Omara, DEJ, 1da-Toul, Eccentic",tuna_hip_hop,5,0.716,0.677,142.986
Mm.. Omara? (Outro),مم.. ماكلة؟,Omara,"Omara, 1da-Toul, Ratchopper, L2",tuna_hip_hop,6,0.634,0.556,147.944
Mm.. Omara? (Outro),مم.. ماكلة؟,1da-Toul,"Omara, 1da-Toul, Ratchopper, L2",tuna_hip_hop,6,0.634,0.556,147.944
Mm.. Omara? (Outro),مم.. ماكلة؟,Ratchopper,"Omara, 1da-Toul, Ratchopper, L2",tuna_hip_hop,6,0.634,0.556,147.944
Mm.. Omara? (Outro),مم.. ماكلة؟,L2,"Omara, 1da-Toul, Ratchopper, L2",tuna_hip_hop,6,0.634,0.556,147.944
No Trips To Kasserine (Intro),مم.. ماكلة؟,Omara,"Omara, 1da-Toul, Mahdigreb",tuna_hip_hop,2,0.606,0.547,87.059
No Trips To Kasserine (Intro),مم.. ماكلة؟,1da-Toul,"Omara, 1da-Toul, Mahdigreb",tuna_hip_hop,2,0.606,0.547,87.059
No Trips To Kasserine (Intro),مم.. ماكلة؟,Mahdigreb,"Omara, 1da-Toul, Mahdigreb",tuna_hip_hop,2,0.606,0.547,87.059
Pronto,Waves,SAFFWIZZ,SAFFWIZZ,tuna_hip_hop,27,0.791,0.618,101.031
Plug Freestyle,BOOTCAMP,Wingz,Wingz,tuna_hip_hop,0,0.889,0.814,81.018
1000,RAF,Wingz,Wingz,tuna_hip_hop,0,0.707,0.669,136.714
Khoudh Ou Het,METRO EL RAP,SAFFWIZZ,"SAFFWIZZ, Ta9chira, DJ Hrizen, MystikGod",tuna_hip_hop,20,0.718,0.739,81.99
Khoudh Ou Het,METRO EL RAP,Ta9chira,"SAFFWIZZ, Ta9chira, DJ Hrizen, MystikGod",tuna_hip_hop,20,0.718,0.739,81.99
Khoudh Ou Het,METRO EL RAP,DJ Hrizen,"SAFFWIZZ, Ta9chira, DJ Hrizen, MystikGod",tuna_hip_hop,20,0.718,0.739,81.99
Khoudh Ou Het,METRO EL RAP,MystikGod,"SAFFWIZZ, Ta9chira, DJ Hrizen, MystikGod",tuna_hip_hop,20,0.718,0.739,81.99
1.3.1.2,GOOD KID TOXIC CITY.,XIIVI,XIIVI,tuna_hip_hop,0,0.859,0.393,150.019
GODZTEARZ,The Kid X,XIIVI,XIIVI,tuna_hip_hop,0,0.595,0.48,85.076
Bluetooth,Odyssey (Odd To See),BAXV,BAXV,tuna_hip_hop,5,0.663,0.495,148.153
Rave Fl Gouna (feat. Calhoven),Odyssey (Odd To See),BAXV,"BAXV, Calhoven",tuna_hip_hop,4,0.935,0.514,116.102
Rave Fl Gouna (feat. Calhoven),Odyssey (Odd To See),Calhoven,"BAXV, Calhoven",tuna_hip_hop,4,0.935,0.514,116.102
25 Gr,Ghost,BAXV,BAXV,tuna_hip_hop,6,0.662,0.812,111.025
Dwntrn,Ghost,BAXV,BAXV,tuna_hip_hop,3,0.516,0.571,82.036
Smooth & Clean,ALMOST FAMOUS,Pas Comme Eux,"Pas Comme Eux, XIIVI, Fossa",tuna_hip_hop,1,0.566,0.483,76.998
Smooth & Clean,ALMOST FAMOUS,XIIVI,"Pas Comme Eux, XIIVI, Fossa",tuna_hip_hop,1,0.566,0.483,76.998
Smooth & Clean,ALMOST FAMOUS,Fossa,"Pas Comme Eux, XIIVI, Fossa",tuna_hip_hop,1,0.566,0.483,76.998
NSAYEF F CHTA (Interlude),Stuxnet,dopeman,dopeman,tuna_hip_hop,6,0.681,0.741,86.833
SOTTACH,SOTTACH,SAFFWIZZ,SAFFWIZZ,tuna_hip_hop,10,0.851,0.604,128.013
Gulag,ALMOST FAMOUS,Pas Comme Eux,"Pas Comme Eux, Zeltron, Z24 MEGAMIND",tuna_hip_hop,0,0.784,0.564,144.895
Gulag,ALMOST FAMOUS,Zeltron,"Pas Comme Eux, Zeltron, Z24 MEGAMIND",tuna_hip_hop,0,0.784,0.564,144.895
Gulag,ALMOST FAMOUS,Z24 MEGAMIND,"Pas Comme Eux, Zeltron, Z24 MEGAMIND",tuna_hip_hop,0,0.784,0.564,144.895
Trouchkik,Adheka Libik,Vipa,Vipa,tuna_hip_hop,18,0.537,0.559,81.256
Water,INFAMOUS,Wingz,Wingz,tuna_hip_hop,0,0.646,0.636,111.783
Gotenks SSJ3,ALMOST FAMOUS,Pas Comme Eux,"Pas Comme Eux, Fossa, XIIVI",tuna_hip_hop,1,0.54,0.431,77.675
Gotenks SSJ3,ALMOST FAMOUS,Fossa,"Pas Comme Eux, Fossa, XIIVI",tuna_hip_hop,1,0.54,0.431,77.675
Gotenks SSJ3,ALMOST FAMOUS,XIIVI,"Pas Comme Eux, Fossa, XIIVI",tuna_hip_hop,1,0.54,0.431,77.675
Relajate,Soda,BAXV,BAXV,tuna_hip_hop,5,0.843,0.428,148.005
NIMROU 9,مم.. ماكلة؟,Omara,"Omara, 1da-Toul",tuna_hip_hop,4,0.752,0.83,154.053
NIMROU 9,مم.. ماكلة؟,1da-Toul,"Omara, 1da-Toul",tuna_hip_hop,4,0.752,0.83,154.053
Kaftejistein,مم.. ماكلة؟,Omara,"Omara, dopeman, 1da-Toul",tuna_hip_hop,5,0.548,0.658,134.857
Kaftejistein,مم.. ماكلة؟,dopeman,"Omara, dopeman, 1da-Toul",tuna_hip_hop,5,0.548,0.658,134.857
Kaftejistein,مم.. ماكلة؟,1da-Toul,"Omara, dopeman, 1da-Toul",tuna_hip_hop,5,0.548,0.658,134.857
Sur La Tête De Ma Mère,Sur La Tête De Ma Mère,Soldjvt,Soldjvt,tuna_hip_hop,16,0.874,0.486,128.053
Senya,Flouss w Massayeb,Soldjvt,"Soldjvt, Sc Papi",tuna_hip_hop,21,0.708,0.557,116.91
Senya,Flouss w Massayeb,Sc Papi,"Soldjvt, Sc Papi",tuna_hip_hop,21,0.708,0.557,116.91
Kifech Twali Rappeur,Kifech Twali Rappeur,Mizo-H,Mizo-H,tuna_hip_hop,13,0.904,0.654,123.996
Wili,Wili,Dhalma,Dhalma,tuna_hip_hop,28,0.596,0.499,170.025
d e c e m b e r,DECEMBER,Soldjvt,Soldjvt,tuna_hip_hop,25,0.603,0.574,73.974
NEVER BEEN SOBER,GOLDEN GOD,Pas Comme Eux,"Pas Comme Eux, $MXTI, XIIVI, BAXV, 20fyee",tuna_hip_hop,0,0.572,0.602,110.069
NEVER BEEN SOBER,GOLDEN GOD,$MXTI,"Pas Comme Eux, $MXTI, XIIVI, BAXV, 20fyee",tuna_hip_hop,0,0.572,0.602,110.069
NEVER BEEN SOBER,GOLDEN GOD,XIIVI,"Pas Comme Eux, $MXTI, XIIVI, BAXV, 20fyee",tuna_hip_hop,0,0.572,0.602,110.069
NEVER BEEN SOBER,GOLDEN GOD,BAXV,"Pas Comme Eux, $MXTI, XIIVI, BAXV, 20fyee",tuna_hip_hop,0,0.572,0.602,110.069
NEVER BEEN SOBER,GOLDEN GOD,20fyee,"Pas Comme Eux, $MXTI, XIIVI, BAXV, 20fyee",tuna_hip_hop,0,0.572,0.602,110.069
Tawla - Freestyle,NAKAHET,Omara,"Omara, 1da-Toul",tuna_hip_hop,0,0.835,0.761,92.043
Tawla - Freestyle,NAKAHET,1da-Toul,"Omara, 1da-Toul",tuna_hip_hop,0,0.835,0.761,92.043
UP,GOLDEN GOD,Pas Comme Eux,"Pas Comme Eux, $MXTI, XIIVI, Snoopy the highest",tuna_hip_hop,0,0.678,0.47,91.021
UP,GOLDEN GOD,$MXTI,"Pas Comme Eux, $MXTI, XIIVI, Snoopy the highest",tuna_hip_hop,0,0.678,0.47,91.021
UP,GOLDEN GOD,XIIVI,"Pas Comme Eux, $MXTI, XIIVI, Snoopy the highest",tuna_hip_hop,0,0.678,0.47,91.021
UP,GOLDEN GOD,Snoopy the highest,"Pas Comme Eux, $MXTI, XIIVI, Snoopy the highest",tuna_hip_hop,0,0.678,0.47,91.021
EL DAR,EL DAR,LUAS,"LUAS, 4lfa",tuna_hip_hop,5,0.625,0.556,139.998
EL DAR,EL DAR,4lfa,"LUAS, 4lfa",tuna_hip_hop,5,0.625,0.556,139.998
ARSON,ARSON,COSMIC,COSMIC,tuna_hip_hop,28,0.792,0.757,125.016
Omnitrix,BOOTCAMP,Wingz,Wingz,tuna_hip_hop,0,0.754,0.374,159.047
What's My Name - Remix,Midnight Drafts,dopeman,"dopeman, RamsJamsss, Omara",tuna_hip_hop,5,0.824,0.481,134.936
What's My Name - Remix,Midnight Drafts,RamsJamsss,"dopeman, RamsJamsss, Omara",tuna_hip_hop,5,0.824,0.481,134.936
What's My Name - Remix,Midnight Drafts,Omara,"dopeman, RamsJamsss, Omara",tuna_hip_hop,5,0.824,0.481,134.936
PTSD,PTSD,Omara,Omara,tuna_hip_hop,1,0.718,0.409,90.03
Opalach,Opalach,BadBoy 7low,BadBoy 7low,tuna_hip_hop,0,0.879,0.634,95.026
4th Wave,Waves,SAFFWIZZ,SAFFWIZZ,tuna_hip_hop,12,0.821,0.592,120.027
Capsule 0612 (feat. XIIVI),Ghassil Dimegh,GAL3Y,"GAL3Y, SIXBOI, XIIVI",tuna_hip_hop,0,0.639,0.496,147.861
Capsule 0612 (feat. XIIVI),Ghassil Dimegh,SIXBOI,"GAL3Y, SIXBOI, XIIVI",tuna_hip_hop,0,0.639,0.496,147.861
Capsule 0612 (feat. XIIVI),Ghassil Dimegh,XIIVI,"GAL3Y, SIXBOI, XIIVI",tuna_hip_hop,0,0.639,0.496,147.861
Taht SFERR (featt. LAKOUD),Ghassil Dimegh,GAL3Y,"GAL3Y, SIXBOI, Lakoud",tuna_hip_hop,0,0.56,0.663,73.378
Taht SFERR (featt. LAKOUD),Ghassil Dimegh,SIXBOI,"GAL3Y, SIXBOI, Lakoud",tuna_hip_hop,0,0.56,0.663,73.378
Taht SFERR (featt. LAKOUD),Ghassil Dimegh,Lakoud,"GAL3Y, SIXBOI, Lakoud",tuna_hip_hop,0,0.56,0.663,73.378
DDT,DDT,DvrkBoy,"DvrkBoy, Catcher",tuna_hip_hop,0,0.941,0.498,122.024
DDT,DDT,Catcher,"DvrkBoy, Catcher",tuna_hip_hop,0,0.941,0.498,122.024
KHOYA,KHOYA,RARE,RARE,tuna_hip_hop,0,0.619,0.831,139.084
Afyoon,Afyoon,LUAS,"LUAS, L2",tuna_hip_hop,5,0.676,0.651,144.988
Afyoon,Afyoon,L2,"LUAS, L2",tuna_hip_hop,5,0.676,0.651,144.988
Outsiders,Outsiders,LUAS,"LUAS, John Six, L2",tuna_hip_hop,5,0.486,0.482,148.929
Outsiders,Outsiders,John Six,"LUAS, John Six, L2",tuna_hip_hop,5,0.486,0.482,148.929
Outsiders,Outsiders,L2,"LUAS, John Six, L2",tuna_hip_hop,5,0.486,0.482,148.929
Total Overdose,Total Overdose,Omara,"Omara, DEJ, 1da-Toul",tuna_hip_hop,2,0.712,0.751,139.241
Total Overdose,Total Overdose,DEJ,"Omara, DEJ, 1da-Toul",tuna_hip_hop,2,0.712,0.751,139.241
Total Overdose,Total Overdose,1da-Toul,"Omara, DEJ, 1da-Toul",tuna_hip_hop,2,0.712,0.751,139.241
She Can Curry,VISION,Wingz,Wingz,tuna_hip_hop,0,0.904,0.775,102.027
Ma Nansech,Astronaute,Ta9chira,Ta9chira,tuna_hip_hop,27,0.609,0.478,149.028
MAFAMECH THI9A,GOLDEN GOD,Pas Comme Eux,"Pas Comme Eux, $MXTI, RARE, HbibzGang",tuna_hip_hop,0,0.544,0.85,115.526
MAFAMECH THI9A,GOLDEN GOD,$MXTI,"Pas Comme Eux, $MXTI, RARE, HbibzGang",tuna_hip_hop,0,0.544,0.85,115.526
MAFAMECH THI9A,GOLDEN GOD,RARE,"Pas Comme Eux, $MXTI, RARE, HbibzGang",tuna_hip_hop,0,0.544,0.85,115.526
MAFAMECH THI9A,GOLDEN GOD,HbibzGang,"Pas Comme Eux, $MXTI, RARE, HbibzGang",tuna_hip_hop,0,0.544,0.85,115.526
BOOM,METRO EL RAP,SAFFWIZZ,"SAFFWIZZ, Mizo-H, NASTYSH!!T, $MXTI",tuna_hip_hop,20,0.832,0.728,115.001
BOOM,METRO EL RAP,Mizo-H,"SAFFWIZZ, Mizo-H, NASTYSH!!T, $MXTI",tuna_hip_hop,20,0.832,0.728,115.001
BOOM,METRO EL RAP,NASTYSH!!T,"SAFFWIZZ, Mizo-H, NASTYSH!!T, $MXTI",tuna_hip_hop,20,0.832,0.728,115.001
BOOM,METRO EL RAP,$MXTI,"SAFFWIZZ, Mizo-H, NASTYSH!!T, $MXTI",tuna_hip_hop,20,0.832,0.728,115.001
VEGA,FUCK THE KID .. AND THE CITY,XIIVI,XIIVI,tuna_hip_hop,0,0.784,0.44,114.969
KALB 3ARBI VS CARNAL,CHEB TERRO VS DJ DIE SOON,Cheb Terro vs DJ Die Soon,Cheb Terro vs DJ Die Soon,tuna_hip_hop,0,0.68,0.551,153.974
Shoot a Cop In the Back,Odyssey (Odd To See),BAXV,BAXV,tuna_hip_hop,3,0.449,0.643,81.238
Dayman Doumou3,NAKAHET,Omara,"Omara, 1da-Toul",tuna_hip_hop,6,0.747,0.246,131.306
Dayman Doumou3,NAKAHET,1da-Toul,"Omara, 1da-Toul",tuna_hip_hop,6,0.747,0.246,131.306
Kevin-Prince Boateng,Kevin-Prince Boateng,XIIVI,"XIIVI, L2",tuna_hip_hop,0,0.808,0.426,77.515
Kevin-Prince Boateng,Kevin-Prince Boateng,L2,"XIIVI, L2",tuna_hip_hop,0,0.808,0.426,77.515
888 Freestyle,888 Freestyle,Wingz,Wingz,tuna_hip_hop,0,0.801,0.776,119.987
Pride,GOOD KID TOXIC CITY.,XIIVI,XIIVI,tuna_hip_hop,0,0.862,0.286,143.938
Roger Lemaire,WHO'S KID ! WHAT CITY !,XIIVI,XIIVI,tuna_hip_hop,0,0.623,0.906,80.889
Beyaz Toz,Yabancı,Wingz,Wingz,tuna_hip_hop,6,0.795,0.484,139.927
CHARIZARD (LONG LIVE 12.6),CHARIZARD (LONG LIVE 12.6),XIIVI,XIIVI,tuna_hip_hop,0,0.693,0.264,88.072
Mic Champ,Mic Champ,Mizo-H,Mizo-H,tuna_hip_hop,9,0.806,0.537,128.633
FI9,FI9,Mizo-H,"Mizo-H, XIIVI",tuna_hip_hop,22,0.878,0.623,144.994
FI9,FI9,XIIVI,"Mizo-H, XIIVI",tuna_hip_hop,22,0.878,0.623,144.994
ALELI,ALELI,COSMIC,COSMIC,tuna_hip_hop,15,0.697,0.607,93.003
Nikndawe5drbk,SHAHNAMEH,Wingz,"Wingz, XIIVI",tuna_hip_hop,0,0.861,0.541,140.221
Nikndawe5drbk,SHAHNAMEH,XIIVI,"Wingz, XIIVI",tuna_hip_hop,0,0.861,0.541,140.221
Shams w 9amar,Shams W 9amar,Feddini,"Feddini, Ktyb",tuna_hip_hop,21,0.599,0.471,92.961
Shams w 9amar,Shams W 9amar,Ktyb,"Feddini, Ktyb",tuna_hip_hop,21,0.599,0.471,92.961
HAKA MAO !,FUCK THE KID .. AND THE CITY,XIIVI,XIIVI,tuna_hip_hop,0,0.868,0.678,97.922
عار,مم.. ماكلة؟,Omara,"Omara, 1da-Toul, prodby2g",tuna_hip_hop,6,0.762,0.605,113.001
عار,مم.. ماكلة؟,1da-Toul,"Omara, 1da-Toul, prodby2g",tuna_hip_hop,6,0.762,0.605,113.001
عار,مم.. ماكلة؟,prodby2g,"Omara, 1da-Toul, prodby2g",tuna_hip_hop,6,0.762,0.605,113.001
U Dunno,Sex View,A.L.A,A.L.A,tuna_hip_hop,0,0.544,0.637,105.302
Kyubi,EN MI CABEZA,KHLNZYY,KHLNZYY,tuna_hip_hop,11,0.902,0.293,128.98
0000,Mieux sans toi,Omara,"Omara, 20fyee",tuna_hip_hop,10,0.649,0.436,90.077
0000,Mieux sans toi,20fyee,"Omara, 20fyee",tuna_hip_hop,10,0.649,0.436,90.077
Grizzly,ALIVE,Soldjvt,Soldjvt,tuna_hip_hop,18,0.748,0.489,119.938
Underradar V2,Underradar V2,Pureconic,Pureconic,tuna_hip_hop,4,0.833,0.603,121.002
High hopes,The create,Junior,"Junior, Belhadj",tuna_hip_hop,0,0.629,0.484,86.869
High hopes,The create,Belhadj,"Junior, Belhadj",tuna_hip_hop,0,0.629,0.484,86.869
WE DESTROY THE FAMILY,Cheb Terro vs. DJ Die Soon,Cheb terro,"Cheb terro, DJ Die Soon",tuna_hip_hop,7,0.699,0.529,126.016
WE DESTROY THE FAMILY,Cheb Terro vs. DJ Die Soon,DJ Die Soon,"Cheb terro, DJ Die Soon",tuna_hip_hop,7,0.699,0.529,126.016
El wa7da,El wa7da,Cheb terro,Cheb terro,tunisian_doomer,11,0.753,0.604,82.951
Loop,WHO'S KID ! WHAT CITY !,XIIVI,XIIVI,tunisian_doomer,0,0.515,0.542,107.546
NIKA7,CHEB TERRO VS DJ DIE SOON,Cheb Terro vs DJ Die Soon,Cheb Terro vs DJ Die Soon,tunisian_doomer,0,0.541,0.79,80.325
WE DESTROY THE FAMILY,CHEB TERRO VS DJ DIE SOON,Cheb Terro vs DJ Die Soon,Cheb Terro vs DJ Die Soon,tunisian_doomer,0,0.699,0.529,126.016
ABTAL AL DIGITAL,CHEB TERRO VS DJ DIE SOON,Cheb Terro vs DJ Die Soon,Cheb Terro vs DJ Die Soon,tunisian_doomer,0,0.724,0.654,119.959
الكوكب الوطاني,COLLECTION OF CHEB TERRO X DJ HRIZEN,DJ Hrizen,"DJ Hrizen, Cheb terro",tunisian_doomer,8,0.647,0.823,121.024
الكوكب الوطاني,COLLECTION OF CHEB TERRO X DJ HRIZEN,Cheb terro,"DJ Hrizen, Cheb terro",tunisian_doomer,8,0.647,0.823,121.024
Al Wa7Da,Al Wa7Da,Cheb terro,Cheb terro,tunisian_doomer,29,0.634,0.595,82.927
GAINS,ONCE UPON A TIME IN 7OUMET 3AYCHA,BAXV,BAXV,tunisian_doomer,0,0.965,0.161,119.979
Say No To Pasta,Odyssey (Odd To See),BAXV,BAXV,tunisian_doomer,2,0.591,0.436,143.537
Nfous,10 Marra,El Castro,El Castro,zzh5,29,0.716,0.591,141.935
Ma Te9efch,10 Marra,El Castro,"El Castro, A.L.A",zzh5,23,0.792,0.429,107.997
Ma Te9efch,10 Marra,A.L.A,"El Castro, A.L.A",zzh5,23,0.792,0.429,107.997
10 Marra,10 Marra,El Castro,"El Castro, A.L.A",zzh5,33,0.803,0.625,103.95
10 Marra,10 Marra,A.L.A,"El Castro, A.L.A",zzh5,33,0.803,0.625,103.95
Zandieni IV,10 Marra,El Castro,El Castro,zzh5,23,0.645,0.666,86.505
Zandieni V,10 Marra,El Castro,El Castro,zzh5,29,0.554,0.529,86.645
Wake Up,10 Marra,El Castro,"El Castro, A.L.A",zzh5,32,0.801,0.554,134.967
Wake Up,10 Marra,A.L.A,"El Castro, A.L.A",zzh5,32,0.801,0.554,134.967
Oasis,10 Marra,El Castro,"El Castro, Cuzama, K-2ouj",zzh5,17,0.817,0.724,120.018
Oasis,10 Marra,Cuzama,"El Castro, Cuzama, K-2ouj",zzh5,17,0.817,0.724,120.018
Oasis,10 Marra,K-2ouj,"El Castro, Cuzama, K-2ouj",zzh5,17,0.817,0.724,120.018
L.E.V.E.L .6,10 Marra,El Castro,"El Castro, A.L.A",zzh5,38,0.668,0.443,123.994
L.E.V.E.L .6,10 Marra,A.L.A,"El Castro, A.L.A",zzh5,38,0.668,0.443,123.994
Celebrate Freestyle,10 Marra,El Castro,"El Castro, A.L.A",zzh5,40,0.675,0.6,180.549
Celebrate Freestyle,10 Marra,A.L.A,"El Castro, A.L.A",zzh5,40,0.675,0.6,180.549
Mahich Mte3ek,10 Marra,El Castro,"El Castro, A.L.A",zzh5,23,0.734,0.38,84.868
Mahich Mte3ek,10 Marra,A.L.A,"El Castro, A.L.A",zzh5,23,0.734,0.38,84.868
Saha Saha Bel 9dar,10 Marra,El Castro,"El Castro, A.L.A",zzh5,30,0.874,0.565,112.075
Saha Saha Bel 9dar,10 Marra,A.L.A,"El Castro, A.L.A",zzh5,30,0.874,0.565,112.075
Nikha Fi Hit,Mixtape ماذافاكر,El Castro,"El Castro, A.L.A",zzh5,28,0.84,0.517,111.035
Nikha Fi Hit,Mixtape ماذافاكر,A.L.A,"El Castro, A.L.A",zzh5,28,0.84,0.517,111.035
Time Off,Mixtape ماذافاكر,El Castro,El Castro,zzh5,23,0.706,0.567,156.018
Ma Tehsbouch,Mixtape ماذافاكر,El Castro,El Castro,zzh5,15,0.874,0.461,100.101
Ma Te5ouch 3lihom,Mixtape ماذافاكر,El Castro,El Castro,zzh5,16,0.707,0.643,91.968
Fake Level (Bonus Freestyle),Mixtape ماذافاكر,El Castro,El Castro,zzh5,15,0.601,0.441,192.09
Back To Black (Freestyle),Mixtape ماذافاكر,El Castro,El Castro,zzh5,15,0.832,0.32,139.948
Johnny Blaze,Mixtape ماذافاكر,El Castro,El Castro,zzh5,15,0.685,0.593,96.097
Moch Mel Youm,Mixtape ماذافاكر,El Castro,"El Castro, A.L.A",zzh5,23,0.853,0.322,115.956
Moch Mel Youm,Mixtape ماذافاكر,A.L.A,"El Castro, A.L.A",zzh5,23,0.853,0.322,115.956
Outro,Mixtape ماذافاكر,El Castro,El Castro,zzh5,13,0.653,0.643,87.504
Intro New Bitch,New Bitch Mixtape,El Castro,El Castro,zzh5,26,0.823,0.502,155.971
Hina Maysara,New Bitch Mixtape,El Castro,"El Castro, A.L.A",zzh5,42,0.795,0.558,119.92
Hina Maysara,New Bitch Mixtape,A.L.A,"El Castro, A.L.A",zzh5,42,0.795,0.558,119.92
King,New Bitch Mixtape,El Castro,El Castro,zzh5,27,0.642,0.437,93.853
Freezstyle,New Bitch Mixtape,El Castro,"El Castro, A.L.A",zzh5,24,0.839,0.708,141.993
Freezstyle,New Bitch Mixtape,A.L.A,"El Castro, A.L.A",zzh5,24,0.839,0.708,141.993
Retroviseur,New Bitch Mixtape,El Castro,"El Castro, A.L.A",zzh5,36,0.793,0.49,144.024
Retroviseur,New Bitch Mixtape,A.L.A,"El Castro, A.L.A",zzh5,36,0.793,0.49,144.024
Kids,New Bitch Mixtape,El Castro,"El Castro, A.L.A",zzh5,28,0.602,0.487,88.77
Kids,New Bitch Mixtape,A.L.A,"El Castro, A.L.A",zzh5,28,0.602,0.487,88.77
Pelican Bay,New Bitch Mixtape,El Castro,"El Castro, A.L.A, Gas",zzh5,25,0.857,0.575,122.029
Pelican Bay,New Bitch Mixtape,A.L.A,"El Castro, A.L.A, Gas",zzh5,25,0.857,0.575,122.029
Pelican Bay,New Bitch Mixtape,Gas,"El Castro, A.L.A, Gas",zzh5,25,0.857,0.575,122.029
Allah Khir,New Bitch Mixtape,El Castro,El Castro,zzh5,19,0.565,0.761,88.007
Bang Out,New Bitch Mixtape,El Castro,El Castro,zzh5,18,0.412,0.681,74.911
Egoism,New Bitch Mixtape,El Castro,El Castro,zzh5,24,0.706,0.597,87.132
Freestyle,New Bitch Mixtape,El Castro,El Castro,zzh5,16,0.786,0.815,90.023
Gnace Guillotine,New Bitch Mixtape,El Castro,El Castro,zzh5,21,0.62,0.858,92.129
Houres,New Bitch Mixtape,El Castro,El Castro,zzh5,20,0.612,0.793,86.172
Or Not,New Bitch Mixtape,El Castro,El Castro,zzh5,18,0.692,0.377,93.004
Royal Buisness,New Bitch Mixtape,El Castro,El Castro,zzh5,17,0.722,0.611,85.025
Sabr,New Bitch Mixtape,El Castro,El Castro,zzh5,21,0.641,0.538,88.923
Zandieni I,New Bitch Mixtape,El Castro,El Castro,zzh5,20,0.686,0.781,86.032
Zandieni II,New Bitch Mixtape,El Castro,El Castro,zzh5,21,0.705,0.499,85.957
Zandieni III,New Bitch Mixtape,El Castro,El Castro,zzh5,24,0.586,0.637,91.951
Hell Of Night,New Bitch Mixtape,El Castro,El Castro,zzh5,21,0.785,0.53,120.042
Intro Old Bitch - تقبيجة,Old Bitch Mixtape,El Castro,El Castro,zzh5,24,0.795,0.762,105.757
The Usual Suspect - المشبوه,Old Bitch Mixtape,El Castro,El Castro,zzh5,23,0.826,0.754,95.985
Fuckers - سيدي نيك,Old Bitch Mixtape,El Castro,El Castro,zzh5,17,0.653,0.448,89.983
Old Bitch - قحبة قديمة,Old Bitch Mixtape,El Castro,El Castro,zzh5,18,0.523,0.772,83.222
Kisses - قبلة,Old Bitch Mixtape,El Castro,El Castro,zzh5,17,0.728,0.795,91.514
Just For You,Old Bitch Mixtape,El Castro,El Castro,zzh5,16,0.737,0.635,87.992
Metal Slug Mission 01,Old Bitch Mixtape,El Castro,"El Castro, A.L.A",zzh5,36,0.706,0.744,86.012
Metal Slug Mission 01,Old Bitch Mixtape,A.L.A,"El Castro, A.L.A",zzh5,36,0.706,0.744,86.012
Indiscriminate Bombing,Old Bitch Mixtape,El Castro,El Castro,zzh5,16,0.712,0.809,90.02
Fuck U - تباً لك,Old Bitch Mixtape,El Castro,"El Castro, Black T",zzh5,16,0.775,0.823,100.311
Fuck U - تباً لك,Old Bitch Mixtape,Black T,"El Castro, Black T",zzh5,16,0.775,0.823,100.311
They Think - فيبالهم,Old Bitch Mixtape,El Castro,El Castro,zzh5,14,0.617,0.777,81.494
Enchalah,To The Glory,El Castro,El Castro,zzh5,0,0.781,0.532,140.048
Hamdoulah,To The Glory,El Castro,El Castro,zzh5,0,0.687,0.542,151.797
Gameboy / Zandyeni Pt. 2,To The Glory,El Castro,El Castro,zzh5,0,0.774,0.473,93.927
W.I.G,To The Glory,El Castro,El Castro,zzh5,0,0.666,0.704,176.04
Y3arfouni,To The Glory,El Castro,El Castro,zzh5,0,0.622,0.794,94.836
Chay May,To The Glory,El Castro,El Castro,zzh5,0,0.722,0.724,123.087
Malla Rwayak,To The Glory,El Castro,El Castro,zzh5,0,0.789,0.62,149.87
5obza Morra,To The Glory,El Castro,"El Castro, A.L.A",zzh5,0,0.718,0.742,152.024
5obza Morra,To The Glory,A.L.A,"El Castro, A.L.A",zzh5,0,0.718,0.742,152.024
Ma Te9efch,Ma Te9efch,El Castro,"El Castro, A.L.A",zzh5,12,0.822,0.419,107.947
Ma Te9efch,Ma Te9efch,A.L.A,"El Castro, A.L.A",zzh5,12,0.822,0.419,107.947
